bkg_ref,patient,site,metro,created,channel,state
NB/ORD/000001,004857,ORD-01,Chicago,09/18/2026,WEB,DONE
NB/ORD/000002,004699,ORD-03,Chicago,09/18/2026,WALKIN,CXL
NB/ORD/000003,004673,ORD-03,Chicago,09/18/2026,WALKIN,DONE
NB/ORD/000004,004943,ORD-02,Chicago,09/18/2026,CALL,DONE
NB/ORD/000005,004175,ORD-03,Chicago,09/18/2026,WEB,DONE
NB/ORD/000006,004586,ORD-03,Chicago,09/18/2026,WEB,DONE
NB/ORD/000007,004280,ORD-03,Chicago,09/18/2026,WALKIN,DONE
NB/PHL/000001,006395,PHL-02,Philadelphia,09/18/2026,WALKIN,DONE
NB/PHL/000002,006280,PHL-02,Philadelphia,09/18/2026,WALKIN,DONE
NB/PHL/000003,006034,PHL-01,Philadelphia,09/18/2026,CALL,CXL
NB/PHL/000004,006212,PHL-02,Philadelphia,09/18/2026,WALKIN,DONE
NB/PHL/000005,006002,PHL-03,Philadelphia,09/18/2026,MOBILEDRAW,DONE
NB/ORD/000008,003996,ORD-01,Chicago,09/19/2026,WALKIN,DONE
NB/ORD/000009,004208,ORD-03,Chicago,09/19/2026,WALKIN,DONE
NB/ORD/000010,004181,ORD-03,Chicago,09/19/2026,WEB,DONE
NB/ORD/000011,004011,ORD-01,Chicago,09/19/2026,WALKIN,DONE
NB/ORD/000012,004725,ORD-01,Chicago,09/19/2026,MOBILEDRAW,DONE
NB/ORD/000013,003952,ORD-01,Chicago,09/19/2026,WALKIN,DONE
NB/ORD/000014,004653,ORD-03,Chicago,09/19/2026,WALKIN,DONE
NB/ORD/000015,004424,ORD-03,Chicago,09/19/2026,WEB,DONE
NB/ORD/000016,004838,ORD-01,Chicago,09/19/2026,WALKIN,DONE
NB/ORD/000017,004087,ORD-02,Chicago,09/19/2026,WALKIN,DONE
NB/PHL/000006,006226,PHL-01,Philadelphia,09/19/2026,WALKIN,DONE
NB/PHL/000007,006679,PHL-01,Philadelphia,09/19/2026,WALKIN,DONE
NB/PHL/000008,006052,PHL-01,Philadelphia,09/19/2026,WALKIN,DONE
NB/PHL/000009,005794,PHL-03,Philadelphia,09/19/2026,WALKIN,DONE
NB/PHL/000010,005792,PHL-01,Philadelphia,09/19/2026,WALKIN,DONE
NB/PHL/000011,006136,PHL-02,Philadelphia,09/19/2026,WALKIN,CXL
NB/ORD/000018,004349,ORD-02,Chicago,09/20/2026,CALL,DONE
NB/ORD/000019,004030,ORD-03,Chicago,09/20/2026,WEB,DONE
NB/PHL/000012,006679,PHL-03,Philadelphia,09/20/2026,WALKIN,DONE
NB/PHL/000013,005862,PHL-02,Philadelphia,09/20/2026,WALKIN,DONE
NB/PHL/000014,005792,PHL-02,Philadelphia,09/20/2026,WEB,CXL
NB/ORD/000020,004265,ORD-01,Chicago,09/21/2026,WALKIN,DONE
NB/ORD/000021,004946,ORD-02,Chicago,09/21/2026,WALKIN,DONE
NB/ORD/000022,004235,ORD-03,Chicago,09/21/2026,MOBILEDRAW,DONE
NB/ORD/000023,004107,ORD-03,Chicago,09/21/2026,WEB,DONE
NB/ORD/000024,004107,ORD-01,Chicago,09/21/2026,CALL,DONE
NB/ORD/000025,004861,ORD-01,Chicago,09/21/2026,WALKIN,DONE
NB/ORD/000026,004314,ORD-01,Chicago,09/21/2026,CALL,CXL
NB/ORD/000027,004102,ORD-02,Chicago,09/21/2026,WALKIN,DONE
NB/ORD/000028,004000,ORD-01,Chicago,09/21/2026,WALKIN,DONE
NB/PHL/000015,005793,PHL-02,Philadelphia,09/21/2026,WEB,DONE
NB/PHL/000016,005876,PHL-02,Philadelphia,09/21/2026,CALL,DONE
NB/PHL/000017,006680,PHL-03,Philadelphia,09/21/2026,WALKIN,DONE
NB/PHL/000018,005826,PHL-03,Philadelphia,09/21/2026,CALL,DONE
NB/PHL/000019,006551,PHL-02,Philadelphia,09/21/2026,CALL,DONE
NB/PHL/000020,006222,PHL-02,Philadelphia,09/21/2026,WALKIN,DONE
NB/ORD/000029,004608,ORD-02,Chicago,09/22/2026,CALL,DONE
NB/ORD/000030,004833,ORD-01,Chicago,09/22/2026,CALL,DONE
NB/ORD/000031,004106,ORD-01,Chicago,09/22/2026,MOBILEDRAW,DONE
NB/ORD/000032,004554,ORD-03,Chicago,09/22/2026,MOBILEDRAW,DONE
NB/PHL/000021,006080,PHL-02,Philadelphia,09/22/2026,WALKIN,DONE
NB/PHL/000022,006628,PHL-03,Philadelphia,09/22/2026,WALKIN,DONE
NB/PHL/000023,006663,PHL-03,Philadelphia,09/22/2026,WEB,DONE
NB/PHL/000024,006335,PHL-02,Philadelphia,09/22/2026,WEB,DONE
NB/PHL/000025,005860,PHL-02,Philadelphia,09/22/2026,WALKIN,DONE
NB/PHL/000026,006208,PHL-01,Philadelphia,09/22/2026,WALKIN,DONE
NB/PHL/000027,006457,PHL-02,Philadelphia,09/22/2026,CALL,DONE
NB/PHL/000028,006375,PHL-02,Philadelphia,09/22/2026,WALKIN,DONE
NB/ORD/000033,004402,ORD-01,Chicago,09/23/2026,CALL,DONE
NB/ORD/000034,004832,ORD-02,Chicago,09/23/2026,WALKIN,CXL
NB/ORD/000035,004626,ORD-01,Chicago,09/23/2026,WALKIN,DONE
NB/ORD/000036,004518,ORD-02,Chicago,09/23/2026,WEB,DONE
NB/PHL/000029,006528,PHL-03,Philadelphia,09/23/2026,WALKIN,DONE
NB/PHL/000030,005883,PHL-02,Philadelphia,09/23/2026,WALKIN,DONE
NB/PHL/000031,005991,PHL-03,Philadelphia,09/23/2026,CALL,DONE
NB/ORD/000037,004945,ORD-01,Chicago,09/24/2026,WALKIN,DONE
NB/ORD/000038,003993,ORD-03,Chicago,09/24/2026,WALKIN,DONE
NB/ORD/000039,004453,ORD-01,Chicago,09/24/2026,WALKIN,DONE
NB/ORD/000040,004125,ORD-03,Chicago,09/24/2026,WEB,DONE
NB/ORD/000041,004452,ORD-02,Chicago,09/24/2026,WALKIN,CXL
NB/ORD/000042,004259,ORD-01,Chicago,09/24/2026,WALKIN,DONE
NB/PHL/000032,006158,PHL-03,Philadelphia,09/24/2026,CALL,DONE
NB/PHL/000033,006453,PHL-03,Philadelphia,09/24/2026,WEB,DONE
NB/PHL/000034,006220,PHL-01,Philadelphia,09/24/2026,WEB,DONE
NB/PHL/000035,006393,PHL-03,Philadelphia,09/24/2026,WEB,DONE
NB/PHL/000036,005822,PHL-02,Philadelphia,09/24/2026,CALL,DONE
NB/PHL/000037,005792,PHL-02,Philadelphia,09/24/2026,WALKIN,DONE
NB/ORD/000043,004947,ORD-03,Chicago,09/25/2026,WALKIN,DONE
NB/ORD/000044,004886,ORD-03,Chicago,09/25/2026,WEB,DONE
NB/ORD/000045,004833,ORD-01,Chicago,09/25/2026,MOBILEDRAW,DONE
NB/ORD/000046,004450,ORD-03,Chicago,09/25/2026,WALKIN,DONE
NB/ORD/000047,004293,ORD-02,Chicago,09/25/2026,WEB,DONE
NB/ORD/000048,004541,ORD-03,Chicago,09/25/2026,WALKIN,DONE
NB/ORD/000049,004857,ORD-01,Chicago,09/25/2026,WEB,DONE
NB/ORD/000050,004370,ORD-01,Chicago,09/25/2026,CALL,DONE
NB/PHL/000038,005963,PHL-03,Philadelphia,09/25/2026,WALKIN,DONE
NB/PHL/000039,006108,PHL-01,Philadelphia,09/25/2026,WEB,DONE
NB/PHL/000040,005752,PHL-03,Philadelphia,09/25/2026,WALKIN,DONE
NB/PHL/000041,006580,PHL-01,Philadelphia,09/25/2026,WEB,DONE
NB/PHL/000042,006540,PHL-01,Philadelphia,09/25/2026,WEB,DONE
NB/PHL/000043,006680,PHL-01,Philadelphia,09/25/2026,WEB,DONE
NB/ORD/000051,004019,ORD-02,Chicago,09/26/2026,WEB,DONE
NB/ORD/000052,004938,ORD-02,Chicago,09/26/2026,WEB,DONE
NB/ORD/000053,004482,ORD-03,Chicago,09/26/2026,CALL,DONE
NB/ORD/000054,004539,ORD-02,Chicago,09/26/2026,CALL,DONE
NB/ORD/000055,004535,ORD-03,Chicago,09/26/2026,MOBILEDRAW,DONE
NB/ORD/000056,004877,ORD-02,Chicago,09/26/2026,MOBILEDRAW,DONE
NB/ORD/000057,004274,ORD-02,Chicago,09/26/2026,WALKIN,DONE
NB/ORD/000058,004688,ORD-01,Chicago,09/26/2026,CALL,DONE
NB/ORD/000059,004538,ORD-02,Chicago,09/26/2026,WEB,DONE
NB/PHL/000044,006617,PHL-02,Philadelphia,09/26/2026,WALKIN,DONE
NB/PHL/000045,006328,PHL-01,Philadelphia,09/26/2026,WEB,DONE
NB/PHL/000046,006680,PHL-03,Philadelphia,09/26/2026,WALKIN,DONE
NB/PHL/000047,006061,PHL-02,Philadelphia,09/26/2026,WALKIN,DONE
NB/PHL/000048,006121,PHL-02,Philadelphia,09/26/2026,WEB,DONE
NB/PHL/000049,005837,PHL-02,Philadelphia,09/26/2026,WEB,DONE
NB/PHL/000050,006133,PHL-01,Philadelphia,09/26/2026,WEB,DONE
NB/ORD/000060,004216,ORD-01,Chicago,09/27/2026,WALKIN,DONE
NB/ORD/000061,004420,ORD-01,Chicago,09/27/2026,WALKIN,DONE
NB/ORD/000062,004330,ORD-03,Chicago,09/27/2026,WALKIN,DONE
NB/ORD/000063,004788,ORD-03,Chicago,09/27/2026,WALKIN,DONE
NB/ORD/000064,004255,ORD-02,Chicago,09/27/2026,CALL,CXL
NB/ORD/000065,004728,ORD-01,Chicago,09/27/2026,WEB,DONE
NB/PHL/000051,005752,PHL-02,Philadelphia,09/27/2026,WALKIN,DONE
NB/ORD/000066,004623,ORD-01,Chicago,09/28/2026,CALL,DONE
NB/ORD/000067,004623,ORD-01,Chicago,09/28/2026,CALL,DONE
NB/ORD/000068,004253,ORD-03,Chicago,09/28/2026,WEB,DONE
NB/ORD/000069,004289,ORD-01,Chicago,09/28/2026,MOBILEDRAW,DONE
NB/ORD/000070,004254,ORD-02,Chicago,09/28/2026,WEB,DONE
NB/ORD/000071,004669,ORD-03,Chicago,09/28/2026,WALKIN,DONE
NB/ORD/000072,004278,ORD-03,Chicago,09/28/2026,WALKIN,DONE
NB/ORD/000073,004052,ORD-01,Chicago,09/28/2026,MOBILEDRAW,DONE
NB/PHL/000052,006651,PHL-01,Philadelphia,09/28/2026,MOBILEDRAW,DONE
NB/PHL/000053,006498,PHL-01,Philadelphia,09/28/2026,CALL,DONE
NB/PHL/000054,006589,PHL-02,Philadelphia,09/28/2026,CALL,DONE
NB/PHL/000055,006394,PHL-02,Philadelphia,09/28/2026,WALKIN,DONE
NB/PHL/000056,005898,PHL-02,Philadelphia,09/28/2026,WEB,DONE
NB/ORD/000074,004662,ORD-01,Chicago,09/29/2026,WALKIN,DONE
NB/ORD/000075,004779,ORD-02,Chicago,09/29/2026,CALL,DONE
NB/ORD/000076,004389,ORD-03,Chicago,09/29/2026,CALL,DONE
NB/ORD/000077,004783,ORD-03,Chicago,09/29/2026,MOBILEDRAW,DONE
NB/ORD/000078,004908,ORD-03,Chicago,09/29/2026,MOBILEDRAW,DONE
NB/ORD/000079,004252,ORD-01,Chicago,09/29/2026,WALKIN,DONE
NB/ORD/000080,004180,ORD-03,Chicago,09/29/2026,WEB,DONE
NB/PHL/000057,006262,PHL-02,Philadelphia,09/29/2026,WALKIN,DONE
NB/PHL/000058,006622,PHL-02,Philadelphia,09/29/2026,CALL,DONE
NB/PHL/000059,006063,PHL-01,Philadelphia,09/29/2026,CALL,DONE
NB/PHL/000060,006465,PHL-01,Philadelphia,09/29/2026,WALKIN,DONE
NB/PHL/000061,005761,PHL-01,Philadelphia,09/29/2026,WEB,CXL
NB/PHL/000062,006492,PHL-03,Philadelphia,09/29/2026,CALL,DONE
NB/PHL/000063,006491,PHL-02,Philadelphia,09/29/2026,WEB,DONE
NB/PHL/000064,006081,PHL-02,Philadelphia,09/29/2026,WEB,DONE
NB/ORD/000081,004243,ORD-03,Chicago,09/30/2026,WEB,CXL
NB/ORD/000082,004853,ORD-01,Chicago,09/30/2026,CALL,DONE
NB/ORD/000083,004333,ORD-03,Chicago,09/30/2026,WEB,DONE
NB/ORD/000084,004626,ORD-03,Chicago,09/30/2026,WALKIN,DONE
NB/ORD/000085,003957,ORD-03,Chicago,09/30/2026,WALKIN,DONE
NB/PHL/000065,006654,PHL-01,Philadelphia,09/30/2026,WEB,DONE
NB/PHL/000066,006430,PHL-02,Philadelphia,09/30/2026,WEB,DONE
NB/PHL/000067,006570,PHL-02,Philadelphia,09/30/2026,WALKIN,DONE
NB/PHL/000068,006113,PHL-03,Philadelphia,09/30/2026,WALKIN,DONE
