patient_id,metro,offered_on,took_up
P-000002,Dallas,2026-08-04,Y
P-000003,Dallas,2026-07-22,N
P-000004,Dallas,2026-07-23,N
P-000007,Dallas,2026-07-18,N
P-000008,Dallas,2026-08-03,N
P-000011,Dallas,2026-07-15,N
P-000018,Dallas,2026-07-28,N
P-000019,Dallas,2026-07-31,N
P-000020,Dallas,2026-08-01,N
P-000023,Dallas,2026-08-02,N
P-000028,Dallas,2026-08-02,N
P-000033,Dallas,2026-07-30,Y
P-000037,Dallas,2026-08-03,N
P-000038,Dallas,2026-07-17,Y
P-000039,Dallas,2026-07-18,N
P-000040,Dallas,2026-07-17,N
P-000043,Dallas,2026-07-25,N
P-000045,Dallas,2026-07-30,N
P-000048,Dallas,2026-07-21,Y
P-000049,Dallas,2026-07-19,Y
P-000051,Dallas,2026-07-19,Y
P-000053,Dallas,2026-07-26,N
P-000055,Dallas,2026-07-21,N
P-000056,Dallas,2026-07-27,Y
P-000057,Dallas,2026-07-24,Y
P-000058,Dallas,2026-07-24,Y
P-000059,Dallas,2026-07-31,N
P-000061,Dallas,2026-07-23,N
P-000062,Dallas,2026-07-30,N
P-000064,Dallas,2026-07-19,N
P-000067,Dallas,2026-08-04,N
P-000068,Dallas,2026-08-04,N
P-000074,Dallas,2026-07-24,Y
P-000075,Dallas,2026-07-16,Y
P-000079,Dallas,2026-07-15,Y
P-000080,Dallas,2026-07-17,Y
P-000081,Dallas,2026-07-24,N
P-000085,Dallas,2026-07-16,N
P-000086,Dallas,2026-07-28,N
P-000087,Dallas,2026-07-22,N
P-000090,Dallas,2026-08-04,N
P-000091,Dallas,2026-07-21,N
P-000093,Dallas,2026-07-17,Y
P-000094,Dallas,2026-07-23,N
P-000097,Dallas,2026-07-21,Y
P-000098,Dallas,2026-07-18,N
P-000107,Dallas,2026-07-16,N
P-000110,Dallas,2026-07-24,Y
P-000112,Dallas,2026-07-30,N
P-000114,Dallas,2026-07-31,Y
P-000115,Dallas,2026-07-26,Y
P-000116,Dallas,2026-08-01,N
P-000124,Dallas,2026-07-15,N
P-000125,Dallas,2026-07-19,Y
P-000126,Dallas,2026-07-16,N
P-000127,Dallas,2026-07-18,Y
P-000129,Dallas,2026-08-04,N
P-000130,Dallas,2026-07-18,Y
P-000131,Dallas,2026-07-21,Y
P-000132,Dallas,2026-07-31,N
P-000134,Dallas,2026-07-23,N
P-000138,Dallas,2026-07-31,N
P-000139,Dallas,2026-08-01,N
P-000141,Dallas,2026-07-20,N
P-000142,Dallas,2026-07-24,Y
P-000147,Dallas,2026-07-25,N
P-000151,Dallas,2026-08-03,Y
P-000154,Dallas,2026-07-25,N
P-000155,Dallas,2026-08-01,N
P-000156,Dallas,2026-07-15,N
P-000157,Dallas,2026-07-20,Y
P-000158,Dallas,2026-08-01,N
P-000159,Dallas,2026-07-23,N
P-000160,Dallas,2026-07-28,N
P-000161,Dallas,2026-07-15,Y
P-000162,Dallas,2026-07-22,N
P-000165,Dallas,2026-07-24,N
P-000166,Dallas,2026-07-20,N
P-000169,Dallas,2026-07-16,N
P-000172,Dallas,2026-07-23,N
P-000173,Dallas,2026-08-01,Y
P-000174,Dallas,2026-08-02,Y
P-000175,Dallas,2026-07-23,Y
P-000176,Dallas,2026-07-24,N
P-000178,Dallas,2026-08-02,N
P-000180,Dallas,2026-07-18,N
P-000181,Dallas,2026-08-02,N
P-000182,Dallas,2026-08-04,N
P-000183,Dallas,2026-07-27,Y
P-000184,Dallas,2026-08-03,N
P-000185,Dallas,2026-07-15,N
P-000186,Dallas,2026-07-25,Y
P-000188,Dallas,2026-07-24,N
P-000189,Dallas,2026-08-03,N
P-000190,Dallas,2026-07-29,N
P-000192,Dallas,2026-07-23,Y
P-000194,Dallas,2026-07-22,Y
P-000195,Dallas,2026-07-21,N
P-000197,Dallas,2026-07-30,N
P-000203,Dallas,2026-08-04,N
P-000204,Dallas,2026-07-19,Y
P-000205,Dallas,2026-07-16,N
P-000207,Dallas,2026-07-16,Y
P-000208,Dallas,2026-07-25,Y
P-000211,Dallas,2026-07-23,Y
P-000213,Dallas,2026-07-20,Y
P-000215,Dallas,2026-07-26,N
P-000216,Dallas,2026-07-29,Y
P-000220,Dallas,2026-07-20,Y
P-000223,Dallas,2026-07-21,Y
P-000224,Dallas,2026-07-23,Y
P-000225,Dallas,2026-07-28,Y
P-000226,Dallas,2026-08-04,Y
P-000229,Dallas,2026-07-16,Y
P-000230,Dallas,2026-07-16,N
P-000231,Dallas,2026-07-18,N
P-000232,Dallas,2026-07-27,N
P-000235,Dallas,2026-08-01,N
P-000237,Dallas,2026-07-27,N
P-000239,Dallas,2026-07-25,N
P-000241,Dallas,2026-08-04,Y
P-000242,Dallas,2026-08-04,N
P-000245,Dallas,2026-07-26,Y
P-000247,Dallas,2026-08-03,Y
P-000248,Dallas,2026-08-04,N
P-000258,Dallas,2026-07-22,N
P-000259,Dallas,2026-07-15,Y
P-000260,Dallas,2026-07-31,Y
P-000261,Dallas,2026-07-28,N
P-000265,Dallas,2026-07-22,N
P-000266,Dallas,2026-07-15,Y
P-000270,Dallas,2026-07-27,N
P-000276,Dallas,2026-07-23,N
P-000278,Dallas,2026-07-30,N
P-000279,Dallas,2026-07-27,N
P-000281,Dallas,2026-08-01,Y
P-000283,Dallas,2026-07-17,N
P-000284,Dallas,2026-08-01,N
P-000287,Dallas,2026-07-15,N
P-000288,Dallas,2026-07-20,N
P-000289,Dallas,2026-07-24,N
P-000291,Dallas,2026-07-27,Y
P-000292,Dallas,2026-08-03,Y
P-000294,Dallas,2026-07-28,N
P-000295,Dallas,2026-07-23,Y
P-000297,Dallas,2026-07-29,N
P-000298,Dallas,2026-07-30,N
P-000302,Dallas,2026-08-04,N
P-000303,Dallas,2026-07-27,N
P-000305,Dallas,2026-07-23,N
P-000306,Dallas,2026-07-18,N
P-000309,Dallas,2026-07-24,N
P-000310,Dallas,2026-08-03,N
P-000311,Dallas,2026-07-26,Y
P-000313,Dallas,2026-07-19,N
P-000316,Dallas,2026-07-22,N
P-000317,Dallas,2026-07-21,Y
P-000319,Dallas,2026-08-01,Y
P-000320,Dallas,2026-08-03,N
P-000321,Dallas,2026-08-02,Y
P-000323,Dallas,2026-08-01,Y
P-000325,Dallas,2026-07-17,Y
P-000326,Dallas,2026-08-01,N
P-000327,Dallas,2026-07-30,N
P-000328,Dallas,2026-07-19,N
P-000329,Dallas,2026-07-16,N
P-000334,Dallas,2026-07-15,N
P-000335,Dallas,2026-07-16,N
P-000336,Dallas,2026-08-04,N
P-000337,Dallas,2026-07-23,Y
P-000341,Dallas,2026-07-30,Y
P-000343,Dallas,2026-08-01,N
P-000350,Dallas,2026-07-23,N
P-000357,Dallas,2026-07-31,N
P-000362,Dallas,2026-07-29,Y
P-000363,Dallas,2026-08-01,Y
P-000364,Dallas,2026-07-17,Y
P-000372,Dallas,2026-08-04,Y
P-000373,Dallas,2026-07-22,N
P-000375,Dallas,2026-07-27,N
P-000376,Dallas,2026-07-19,N
P-000377,Dallas,2026-08-01,N
P-000380,Dallas,2026-07-30,Y
P-000381,Dallas,2026-08-03,Y
P-000382,Dallas,2026-07-16,Y
P-000388,Dallas,2026-07-27,Y
P-000389,Dallas,2026-07-24,Y
P-000390,Dallas,2026-08-03,Y
P-000394,Dallas,2026-07-16,N
P-000398,Dallas,2026-07-23,Y
P-000399,Dallas,2026-07-28,N
P-000401,Dallas,2026-07-30,N
P-000402,Dallas,2026-07-19,Y
P-000403,Dallas,2026-07-28,N
P-000409,Dallas,2026-07-21,N
P-000411,Dallas,2026-07-18,Y
P-000413,Dallas,2026-08-02,N
P-000416,Dallas,2026-07-15,Y
P-000417,Dallas,2026-07-23,N
P-000418,Dallas,2026-07-26,N
P-000420,Dallas,2026-07-19,Y
P-000423,Dallas,2026-07-20,Y
P-000424,Dallas,2026-08-04,Y
P-000425,Dallas,2026-07-21,Y
P-000426,Dallas,2026-07-26,N
P-000427,Dallas,2026-08-01,N
P-000428,Dallas,2026-07-19,Y
P-000429,Dallas,2026-08-03,Y
P-000431,Dallas,2026-08-02,N
P-000432,Dallas,2026-07-15,N
P-000433,Dallas,2026-07-17,N
P-000434,Dallas,2026-08-01,N
P-000435,Dallas,2026-07-21,Y
P-000436,Dallas,2026-07-22,Y
P-000438,Dallas,2026-07-31,N
P-000440,Dallas,2026-07-17,Y
P-000441,Dallas,2026-07-31,N
P-000442,Dallas,2026-07-16,N
P-000443,Dallas,2026-07-26,N
P-000446,Dallas,2026-07-24,Y
P-000448,Dallas,2026-07-26,N
P-000450,Dallas,2026-07-15,N
P-000451,Dallas,2026-07-26,Y
P-000453,Dallas,2026-07-30,Y
P-000455,Dallas,2026-07-27,Y
P-000456,Dallas,2026-08-01,Y
P-000458,Dallas,2026-07-24,Y
P-000460,Dallas,2026-07-17,Y
P-000461,Dallas,2026-07-27,Y
P-000462,Dallas,2026-07-23,N
P-000463,Dallas,2026-08-03,N
P-000464,Dallas,2026-07-15,N
P-000467,Dallas,2026-07-18,N
P-000469,Dallas,2026-07-26,N
P-000470,Dallas,2026-07-20,Y
P-000471,Dallas,2026-07-19,N
P-000472,Dallas,2026-07-29,N
P-000478,Dallas,2026-07-27,N
P-000486,Dallas,2026-08-03,N
P-000489,Dallas,2026-07-29,Y
P-000491,Dallas,2026-07-30,N
P-000492,Dallas,2026-07-29,N
P-000493,Dallas,2026-07-16,N
P-000495,Dallas,2026-07-21,N
P-000496,Dallas,2026-07-18,N
P-000497,Dallas,2026-07-15,N
P-000498,Dallas,2026-07-18,N
P-000502,Dallas,2026-07-24,N
P-000504,Dallas,2026-07-21,N
P-000505,Dallas,2026-07-26,Y
P-000506,Dallas,2026-07-19,N
P-000507,Dallas,2026-08-03,Y
P-000508,Dallas,2026-07-17,Y
P-000513,Dallas,2026-07-25,N
P-000515,Dallas,2026-08-03,N
P-000517,Dallas,2026-07-27,Y
P-000518,Dallas,2026-07-31,N
P-000520,Dallas,2026-07-20,Y
P-000521,Dallas,2026-08-02,Y
P-000524,Dallas,2026-07-24,N
P-000525,Dallas,2026-07-25,N
P-000530,Dallas,2026-08-04,N
P-000535,Dallas,2026-07-31,N
P-000537,Dallas,2026-07-15,N
P-000538,Dallas,2026-08-04,Y
P-000539,Dallas,2026-08-04,N
P-000541,Dallas,2026-07-27,N
P-000543,Dallas,2026-07-26,N
P-000552,Dallas,2026-07-24,N
P-000553,Dallas,2026-08-01,N
P-000554,Dallas,2026-07-24,N
P-000555,Dallas,2026-08-02,N
P-000556,Dallas,2026-07-23,N
P-000558,Dallas,2026-07-25,N
P-000559,Dallas,2026-07-23,Y
P-000560,Dallas,2026-08-04,N
P-000563,Dallas,2026-07-27,N
P-000564,Dallas,2026-08-04,N
P-000565,Dallas,2026-07-18,N
P-000566,Dallas,2026-07-31,Y
P-000567,Dallas,2026-07-20,N
P-000570,Dallas,2026-07-29,Y
P-000572,Dallas,2026-07-28,N
P-000573,Dallas,2026-07-18,N
P-000574,Dallas,2026-08-02,Y
P-000575,Dallas,2026-08-02,N
P-000576,Dallas,2026-08-02,N
P-000579,Dallas,2026-07-26,N
P-000583,Dallas,2026-07-31,Y
P-000584,Dallas,2026-07-19,Y
P-000587,Dallas,2026-07-25,Y
P-000588,Dallas,2026-07-17,N
P-000590,Dallas,2026-07-16,Y
P-000591,Dallas,2026-07-15,N
P-000595,Dallas,2026-07-26,N
P-000597,Dallas,2026-07-26,Y
P-000607,Dallas,2026-07-30,N
P-000612,Dallas,2026-07-28,Y
P-000613,Dallas,2026-07-17,N
P-000614,Dallas,2026-07-29,N
P-000615,Dallas,2026-08-04,Y
P-000619,Dallas,2026-07-25,Y
P-000621,Dallas,2026-07-16,N
P-000623,Dallas,2026-07-16,N
P-000625,Dallas,2026-08-01,N
P-000627,Dallas,2026-07-28,N
P-000631,Dallas,2026-07-19,Y
P-000633,Dallas,2026-07-21,N
P-000638,Dallas,2026-08-04,N
P-000640,Dallas,2026-08-03,N
P-000641,Dallas,2026-07-29,Y
P-000643,Dallas,2026-07-18,N
P-000646,Dallas,2026-07-17,Y
P-000647,Dallas,2026-07-21,Y
P-000648,Dallas,2026-07-31,Y
P-000651,Dallas,2026-07-26,N
P-000654,Dallas,2026-08-01,N
P-000655,Dallas,2026-07-29,N
P-000656,Dallas,2026-07-16,N
P-000658,Dallas,2026-07-20,N
P-000659,Dallas,2026-07-29,Y
P-000663,Dallas,2026-07-30,N
P-000665,Dallas,2026-07-16,N
P-000666,Dallas,2026-07-29,N
P-000668,Dallas,2026-07-19,Y
P-000670,Dallas,2026-07-28,Y
P-000674,Dallas,2026-07-27,N
P-000676,Dallas,2026-07-19,Y
P-000677,Dallas,2026-07-24,N
P-000683,Dallas,2026-08-04,N
P-000685,Dallas,2026-08-01,N
P-000686,Dallas,2026-07-24,N
P-000689,Dallas,2026-07-31,N
P-000690,Dallas,2026-07-25,Y
P-000693,Dallas,2026-07-19,Y
P-000697,Dallas,2026-08-03,Y
P-000698,Dallas,2026-07-17,N
P-000699,Dallas,2026-07-27,Y
P-000701,Dallas,2026-07-27,Y
P-000704,Dallas,2026-07-29,N
P-000705,Dallas,2026-07-24,Y
P-000707,Dallas,2026-07-18,Y
P-000708,Dallas,2026-07-18,Y
P-000710,Dallas,2026-07-15,N
P-000713,Dallas,2026-08-01,Y
P-000716,Dallas,2026-08-04,Y
P-000717,Dallas,2026-07-19,Y
P-000720,Dallas,2026-07-23,Y
P-000723,Dallas,2026-07-17,Y
P-000727,Dallas,2026-07-15,N
P-000728,Dallas,2026-07-18,Y
P-000729,Dallas,2026-07-31,N
P-000730,Dallas,2026-07-17,N
P-000731,Dallas,2026-07-20,N
P-000732,Dallas,2026-07-17,Y
P-000735,Dallas,2026-08-01,N
P-000736,Dallas,2026-07-20,N
P-000740,Dallas,2026-07-29,N
P-000741,Dallas,2026-07-24,Y
P-000743,Dallas,2026-07-24,N
P-000744,Dallas,2026-07-19,Y
P-000746,Dallas,2026-07-30,N
P-000750,Dallas,2026-08-02,N
P-000751,Dallas,2026-07-18,N
P-000752,Dallas,2026-07-15,N
P-000754,Dallas,2026-07-30,N
P-000756,Dallas,2026-07-22,N
P-000758,Dallas,2026-07-17,N
P-000760,Dallas,2026-08-02,Y
P-000762,Dallas,2026-07-18,N
P-000763,Dallas,2026-07-23,Y
P-000766,Dallas,2026-08-04,Y
P-000767,Dallas,2026-07-17,N
P-000769,Dallas,2026-07-21,Y
P-000770,Dallas,2026-07-31,N
P-000771,Dallas,2026-07-29,Y
P-000772,Dallas,2026-07-28,N
P-000775,Dallas,2026-07-17,N
P-000776,Dallas,2026-07-19,N
P-000779,Dallas,2026-08-04,N
P-000780,Dallas,2026-07-26,N
P-000781,Dallas,2026-08-04,Y
P-000782,Dallas,2026-07-19,N
P-000783,Dallas,2026-07-21,N
P-000785,Dallas,2026-07-24,N
P-000786,Dallas,2026-07-26,N
P-000787,Dallas,2026-07-21,Y
P-000788,Dallas,2026-07-18,N
P-000789,Dallas,2026-07-25,Y
P-000790,Dallas,2026-07-25,N
P-000791,Dallas,2026-07-19,Y
P-000792,Dallas,2026-07-27,Y
P-000796,Dallas,2026-08-01,N
P-000802,Dallas,2026-07-24,N
P-000805,Dallas,2026-07-17,N
P-000807,Dallas,2026-07-30,Y
P-000809,Dallas,2026-07-24,Y
P-000810,Dallas,2026-07-22,N
P-000812,Dallas,2026-08-01,N
P-000813,Dallas,2026-07-24,Y
P-000815,Dallas,2026-07-31,N
P-000816,Dallas,2026-08-03,Y
P-000817,Dallas,2026-08-04,Y
P-000821,Dallas,2026-08-04,N
P-000825,Dallas,2026-07-29,N
P-000828,Dallas,2026-07-29,Y
P-000829,Dallas,2026-07-23,Y
P-000830,Dallas,2026-07-30,N
P-000831,Dallas,2026-08-04,N
P-000834,Dallas,2026-08-02,Y
P-000836,Dallas,2026-07-30,N
P-000839,Dallas,2026-07-25,N
P-000840,Dallas,2026-07-15,N
P-000841,Dallas,2026-07-31,N
P-000842,Dallas,2026-07-23,N
P-000847,Dallas,2026-08-03,Y
P-000849,Dallas,2026-08-04,N
P-000851,Dallas,2026-07-30,Y
P-000853,Dallas,2026-07-20,N
P-000854,Dallas,2026-07-27,Y
P-000855,Dallas,2026-07-17,N
P-000859,Dallas,2026-08-04,N
P-000861,Dallas,2026-07-17,Y
P-000862,Dallas,2026-07-18,N
P-000863,Dallas,2026-07-16,Y
P-000864,Dallas,2026-08-03,Y
P-000865,Dallas,2026-07-19,N
P-000866,Dallas,2026-07-15,Y
P-000872,Dallas,2026-08-04,N
P-000873,Dallas,2026-07-16,N
P-000877,Dallas,2026-07-19,Y
P-000878,Dallas,2026-07-27,N
P-000881,Dallas,2026-07-31,Y
P-000883,Dallas,2026-08-03,Y
P-000884,Dallas,2026-07-22,Y
P-000885,Dallas,2026-07-28,N
P-000886,Dallas,2026-07-28,Y
P-000887,Dallas,2026-07-16,Y
P-000889,Dallas,2026-07-15,N
P-000895,Dallas,2026-07-23,N
P-000897,Dallas,2026-07-24,Y
P-000898,Dallas,2026-07-29,N
P-000900,Dallas,2026-07-18,N
P-000901,Dallas,2026-08-02,N
P-000903,Dallas,2026-07-20,N
P-000905,Dallas,2026-07-29,Y
P-000906,Dallas,2026-07-26,Y
P-000907,Dallas,2026-07-24,N
P-000908,Dallas,2026-07-19,N
P-000909,Dallas,2026-08-03,Y
P-000911,Dallas,2026-07-15,Y
P-000912,Dallas,2026-07-30,N
P-000914,Dallas,2026-07-15,N
P-000915,Dallas,2026-07-30,N
P-000916,Dallas,2026-07-27,Y
P-000918,Dallas,2026-07-29,N
P-000920,Dallas,2026-07-19,Y
P-000921,Dallas,2026-07-24,N
P-000922,Dallas,2026-07-16,Y
P-000923,Dallas,2026-08-03,N
P-000927,Dallas,2026-07-16,Y
P-000929,Dallas,2026-07-26,N
P-000931,Dallas,2026-07-31,N
P-000932,Dallas,2026-07-27,Y
P-000933,Dallas,2026-07-24,Y
P-000935,Dallas,2026-07-18,N
P-000936,Dallas,2026-08-01,N
P-000939,Dallas,2026-08-03,Y
P-000943,Dallas,2026-07-26,N
P-000948,Dallas,2026-07-15,Y
P-000951,Dallas,2026-08-02,Y
P-000953,Dallas,2026-07-18,N
P-000954,Dallas,2026-08-03,N
P-000955,Dallas,2026-07-21,N
P-000956,Dallas,2026-07-27,Y
P-000958,Dallas,2026-07-29,Y
P-000959,Dallas,2026-07-27,N
P-000962,Dallas,2026-08-01,N
P-000963,Dallas,2026-07-24,Y
P-000964,Dallas,2026-07-20,N
P-000965,Dallas,2026-08-02,N
P-000966,Dallas,2026-08-01,N
P-000968,Dallas,2026-07-21,N
P-000971,Dallas,2026-07-25,N
P-000973,Dallas,2026-08-04,Y
P-000974,Dallas,2026-08-04,Y
P-000975,Dallas,2026-07-30,Y
P-000977,Dallas,2026-07-30,N
P-000980,Dallas,2026-07-17,Y
P-000981,Dallas,2026-07-27,N
P-000984,Dallas,2026-08-03,N
P-000986,Dallas,2026-07-22,N
P-000987,Dallas,2026-08-01,Y
P-000988,Dallas,2026-07-28,Y
P-000991,Dallas,2026-07-20,Y
P-000993,Dallas,2026-08-04,N
P-000996,Dallas,2026-07-22,Y
P-000998,Dallas,2026-07-18,N
P-001000,Dallas,2026-07-29,Y
P-001002,Dallas,2026-07-28,N
P-001003,Dallas,2026-07-23,Y
P-001006,Dallas,2026-07-28,N
P-001009,Dallas,2026-07-17,N
P-001010,Dallas,2026-07-30,N
P-001012,Dallas,2026-07-20,N
P-001013,Dallas,2026-08-04,Y
P-001014,Dallas,2026-07-27,N
P-001017,Dallas,2026-07-23,N
P-001019,Dallas,2026-07-15,Y
P-001024,Dallas,2026-08-03,N
P-001025,Dallas,2026-07-27,N
P-001028,Dallas,2026-07-27,N
P-001031,Dallas,2026-07-20,N
P-001033,Dallas,2026-08-03,N
P-001038,Dallas,2026-07-24,N
P-001041,Dallas,2026-07-29,N
P-001044,Dallas,2026-08-04,N
P-001047,Dallas,2026-07-16,N
P-001048,Dallas,2026-07-29,N
P-001051,Dallas,2026-07-20,Y
P-001053,Dallas,2026-07-20,N
P-001054,Dallas,2026-07-17,N
P-001057,Dallas,2026-07-15,Y
P-001058,Dallas,2026-08-03,N
P-001060,Dallas,2026-07-17,N
P-001062,Dallas,2026-08-03,N
P-001064,Dallas,2026-07-26,Y
P-001065,Dallas,2026-07-28,Y
P-001074,Dallas,2026-07-18,N
P-001076,Dallas,2026-07-21,N
P-001077,Dallas,2026-07-29,N
P-001078,Dallas,2026-07-29,N
P-001079,Dallas,2026-08-04,Y
P-001081,Dallas,2026-07-31,N
P-001082,Dallas,2026-07-30,N
P-001085,Dallas,2026-07-21,N
P-001087,Dallas,2026-08-04,Y
P-001088,Dallas,2026-07-15,N
P-001089,Dallas,2026-08-01,N
P-001091,Dallas,2026-07-25,Y
P-001092,Dallas,2026-07-22,N
P-001093,Dallas,2026-07-20,Y
P-001095,Dallas,2026-07-26,N
P-001096,Dallas,2026-08-02,N
P-001097,Dallas,2026-07-23,Y
P-001098,Dallas,2026-08-04,N
P-001102,Dallas,2026-07-29,Y
P-001110,Dallas,2026-07-15,Y
P-001112,Dallas,2026-07-27,N
P-001113,Dallas,2026-07-20,N
P-001114,Dallas,2026-07-31,N
P-001116,Dallas,2026-08-04,N
P-001118,Dallas,2026-07-26,N
P-001120,Dallas,2026-07-19,N
P-001122,Dallas,2026-08-02,N
P-001123,Dallas,2026-07-18,Y
P-001125,Dallas,2026-07-22,Y
P-001126,Dallas,2026-08-04,N
P-001130,Dallas,2026-07-21,N
P-001133,Dallas,2026-07-25,N
P-001135,Dallas,2026-07-25,Y
P-001138,Dallas,2026-08-04,N
P-001140,Dallas,2026-08-01,Y
P-001141,Dallas,2026-07-21,N
P-001142,Dallas,2026-07-16,N
P-001143,Dallas,2026-07-23,Y
P-001144,Dallas,2026-07-27,N
P-001147,Dallas,2026-07-17,Y
P-001148,Dallas,2026-07-17,Y
P-001149,Dallas,2026-07-29,Y
P-001152,Dallas,2026-07-17,N
P-001154,Dallas,2026-07-20,N
P-001157,Dallas,2026-07-16,Y
P-001158,Dallas,2026-07-22,Y
P-001159,Dallas,2026-07-26,Y
P-001162,Dallas,2026-08-04,Y
P-001164,Dallas,2026-08-03,Y
P-001165,Dallas,2026-07-29,Y
P-001166,Dallas,2026-07-21,N
P-001167,Dallas,2026-07-27,N
P-001170,Dallas,2026-07-28,Y
P-001171,Dallas,2026-08-01,N
P-001172,Dallas,2026-07-18,N
P-001173,Dallas,2026-08-01,N
P-001175,Dallas,2026-07-15,Y
P-001176,Dallas,2026-07-23,N
P-001177,Dallas,2026-07-28,Y
P-001178,Dallas,2026-07-31,N
P-001180,Dallas,2026-07-25,N
P-001181,Dallas,2026-07-31,Y
P-001182,Dallas,2026-07-23,N
P-001185,Dallas,2026-07-30,N
P-001187,Dallas,2026-07-19,N
P-001188,Dallas,2026-07-18,N
P-001192,Dallas,2026-07-29,N
P-001195,Dallas,2026-07-21,Y
P-001197,Dallas,2026-07-25,N
P-001198,Dallas,2026-07-23,N
P-001203,Dallas,2026-07-24,N
P-001204,Dallas,2026-08-03,N
P-001207,Dallas,2026-07-15,N
P-001210,Dallas,2026-07-28,N
P-001211,Dallas,2026-08-04,N
P-001212,Dallas,2026-07-23,Y
P-001213,Dallas,2026-07-28,Y
P-001215,Dallas,2026-07-21,N
P-001216,Dallas,2026-07-23,Y
P-001217,Dallas,2026-07-20,Y
P-001219,Dallas,2026-07-17,Y
P-001222,Dallas,2026-08-02,N
P-001223,Dallas,2026-07-26,Y
P-001227,Dallas,2026-08-04,N
P-001231,Dallas,2026-07-28,N
P-001232,Dallas,2026-07-17,Y
P-001234,Dallas,2026-07-31,Y
P-001237,Dallas,2026-07-26,N
P-001241,Dallas,2026-07-23,N
P-001246,Dallas,2026-07-21,Y
P-001250,Dallas,2026-07-23,N
P-001253,Phoenix,2026-07-22,N
P-001255,Phoenix,2026-07-23,Y
P-001256,Phoenix,2026-07-26,N
P-001262,Phoenix,2026-07-24,Y
P-001264,Phoenix,2026-07-15,N
P-001266,Phoenix,2026-08-01,N
P-001271,Phoenix,2026-07-20,N
P-001273,Phoenix,2026-08-04,Y
P-001276,Phoenix,2026-07-16,N
P-001277,Phoenix,2026-07-25,Y
P-001279,Phoenix,2026-08-01,Y
P-001280,Phoenix,2026-07-25,Y
P-001282,Phoenix,2026-08-03,N
P-001283,Phoenix,2026-07-28,Y
P-001284,Phoenix,2026-07-16,N
P-001285,Phoenix,2026-08-02,N
P-001289,Phoenix,2026-07-27,N
P-001290,Phoenix,2026-07-18,Y
P-001293,Phoenix,2026-07-18,N
P-001296,Phoenix,2026-07-28,N
P-001297,Phoenix,2026-07-27,N
P-001298,Phoenix,2026-07-26,N
P-001299,Phoenix,2026-07-30,N
P-001300,Phoenix,2026-07-21,N
P-001301,Phoenix,2026-07-16,N
P-001302,Phoenix,2026-08-04,Y
P-001307,Phoenix,2026-07-30,Y
P-001309,Phoenix,2026-07-16,N
P-001310,Phoenix,2026-07-15,Y
P-001311,Phoenix,2026-07-30,Y
P-001316,Phoenix,2026-07-31,N
P-001318,Phoenix,2026-07-17,N
P-001321,Phoenix,2026-08-03,Y
P-001323,Phoenix,2026-07-24,Y
P-001325,Phoenix,2026-08-01,N
P-001329,Phoenix,2026-07-21,Y
P-001333,Phoenix,2026-07-26,Y
P-001334,Phoenix,2026-07-17,Y
P-001335,Phoenix,2026-08-04,N
P-001336,Phoenix,2026-07-16,N
P-001338,Phoenix,2026-08-04,N
P-001340,Phoenix,2026-07-31,N
P-001341,Phoenix,2026-07-31,Y
P-001344,Phoenix,2026-07-17,N
P-001347,Phoenix,2026-07-15,Y
P-001349,Phoenix,2026-07-15,N
P-001350,Phoenix,2026-07-16,Y
P-001359,Phoenix,2026-07-22,N
P-001361,Phoenix,2026-08-01,Y
P-001363,Phoenix,2026-07-20,N
P-001364,Phoenix,2026-07-16,N
P-001365,Phoenix,2026-07-25,Y
P-001366,Phoenix,2026-07-31,N
P-001367,Phoenix,2026-07-28,Y
P-001368,Phoenix,2026-07-24,Y
P-001371,Phoenix,2026-07-17,Y
P-001372,Phoenix,2026-07-15,Y
P-001374,Phoenix,2026-07-30,N
P-001377,Phoenix,2026-08-03,Y
P-001378,Phoenix,2026-07-21,Y
P-001379,Phoenix,2026-07-28,N
P-001380,Phoenix,2026-08-01,Y
P-001382,Phoenix,2026-07-28,Y
P-001383,Phoenix,2026-08-02,Y
P-001385,Phoenix,2026-07-19,N
P-001387,Phoenix,2026-07-25,Y
P-001388,Phoenix,2026-07-28,N
P-001390,Phoenix,2026-07-28,Y
P-001391,Phoenix,2026-07-16,N
P-001392,Phoenix,2026-07-15,N
P-001393,Phoenix,2026-08-04,Y
P-001395,Phoenix,2026-07-31,Y
P-001398,Phoenix,2026-07-17,Y
P-001399,Phoenix,2026-07-26,N
P-001401,Phoenix,2026-07-23,Y
P-001402,Phoenix,2026-07-18,Y
P-001405,Phoenix,2026-07-29,N
P-001407,Phoenix,2026-07-30,N
P-001408,Phoenix,2026-07-29,N
P-001409,Phoenix,2026-08-03,N
P-001414,Phoenix,2026-07-22,Y
P-001417,Phoenix,2026-07-16,N
P-001419,Phoenix,2026-08-02,N
P-001423,Phoenix,2026-07-22,N
P-001425,Phoenix,2026-08-04,Y
P-001426,Phoenix,2026-08-01,Y
P-001430,Phoenix,2026-07-16,N
P-001431,Phoenix,2026-07-25,N
P-001432,Phoenix,2026-07-28,Y
P-001434,Phoenix,2026-07-29,N
P-001435,Phoenix,2026-08-01,N
P-001436,Phoenix,2026-07-19,N
P-001439,Phoenix,2026-07-19,N
P-001443,Phoenix,2026-07-29,Y
P-001444,Phoenix,2026-07-18,N
P-001445,Phoenix,2026-07-15,N
P-001446,Phoenix,2026-08-02,Y
P-001447,Phoenix,2026-08-01,N
P-001448,Phoenix,2026-07-21,N
P-001449,Phoenix,2026-07-22,Y
P-001450,Phoenix,2026-07-16,Y
P-001453,Phoenix,2026-07-20,N
P-001454,Phoenix,2026-07-25,N
P-001455,Phoenix,2026-07-24,N
P-001456,Phoenix,2026-07-15,Y
P-001457,Phoenix,2026-07-31,Y
P-001459,Phoenix,2026-07-23,Y
P-001460,Phoenix,2026-07-27,Y
P-001461,Phoenix,2026-07-22,Y
P-001463,Phoenix,2026-07-23,N
P-001465,Phoenix,2026-07-20,Y
P-001472,Phoenix,2026-07-31,N
P-001473,Phoenix,2026-07-15,Y
P-001475,Phoenix,2026-07-23,N
P-001484,Phoenix,2026-07-26,N
P-001488,Phoenix,2026-07-30,N
P-001489,Phoenix,2026-07-24,N
P-001490,Phoenix,2026-07-30,Y
P-001492,Phoenix,2026-07-28,N
P-001494,Phoenix,2026-07-23,Y
P-001496,Phoenix,2026-08-04,N
P-001498,Phoenix,2026-07-26,Y
P-001499,Phoenix,2026-07-23,N
P-001500,Phoenix,2026-07-28,N
P-001501,Phoenix,2026-08-02,Y
P-001502,Phoenix,2026-07-16,N
P-001503,Phoenix,2026-07-25,N
P-001506,Phoenix,2026-07-22,Y
P-001507,Phoenix,2026-07-24,Y
P-001508,Phoenix,2026-07-22,N
P-001509,Phoenix,2026-08-04,N
P-001510,Phoenix,2026-07-19,Y
P-001512,Phoenix,2026-07-29,N
P-001513,Phoenix,2026-07-27,Y
P-001514,Phoenix,2026-08-03,N
P-001515,Phoenix,2026-07-20,N
P-001518,Phoenix,2026-07-26,Y
P-001519,Phoenix,2026-07-19,N
P-001520,Phoenix,2026-08-01,Y
P-001521,Phoenix,2026-07-23,N
P-001524,Phoenix,2026-07-26,Y
P-001525,Phoenix,2026-08-04,N
P-001527,Phoenix,2026-08-02,N
P-001533,Phoenix,2026-07-20,Y
P-001537,Phoenix,2026-08-02,N
P-001540,Phoenix,2026-08-03,N
P-001542,Phoenix,2026-07-19,Y
P-001543,Phoenix,2026-07-20,N
P-001545,Phoenix,2026-07-21,Y
P-001546,Phoenix,2026-07-18,Y
P-001547,Phoenix,2026-07-23,N
P-001552,Phoenix,2026-07-19,N
P-001556,Phoenix,2026-07-20,N
P-001558,Phoenix,2026-07-18,Y
P-001559,Phoenix,2026-07-17,N
P-001560,Phoenix,2026-08-01,N
P-001563,Phoenix,2026-07-30,Y
P-001565,Phoenix,2026-07-24,N
P-001567,Phoenix,2026-07-29,Y
P-001568,Phoenix,2026-08-01,Y
P-001569,Phoenix,2026-07-27,N
P-001573,Phoenix,2026-07-22,N
P-001574,Phoenix,2026-07-29,N
P-001576,Phoenix,2026-08-01,N
P-001577,Phoenix,2026-07-17,N
P-001579,Phoenix,2026-07-22,N
P-001580,Phoenix,2026-07-25,Y
P-001581,Phoenix,2026-08-03,N
P-001584,Phoenix,2026-07-30,Y
P-001586,Phoenix,2026-07-15,N
P-001589,Phoenix,2026-08-04,Y
P-001590,Phoenix,2026-08-03,Y
P-001591,Phoenix,2026-07-24,N
P-001592,Phoenix,2026-08-03,Y
P-001593,Phoenix,2026-07-23,Y
P-001594,Phoenix,2026-07-25,N
P-001595,Phoenix,2026-07-16,N
P-001596,Phoenix,2026-07-20,Y
P-001597,Phoenix,2026-07-19,N
P-001599,Phoenix,2026-07-30,Y
P-001600,Phoenix,2026-07-21,Y
P-001602,Phoenix,2026-07-30,N
P-001603,Phoenix,2026-07-22,N
P-001604,Phoenix,2026-08-01,Y
P-001605,Phoenix,2026-08-04,Y
P-001608,Phoenix,2026-07-16,Y
P-001614,Phoenix,2026-07-31,N
P-001616,Phoenix,2026-08-04,Y
P-001618,Phoenix,2026-08-04,N
P-001619,Phoenix,2026-07-31,N
P-001621,Phoenix,2026-07-28,Y
P-001622,Phoenix,2026-07-26,N
P-001623,Phoenix,2026-07-23,N
P-001625,Phoenix,2026-07-18,Y
P-001626,Phoenix,2026-07-24,Y
P-001627,Phoenix,2026-07-24,N
P-001629,Phoenix,2026-07-18,Y
P-001630,Phoenix,2026-07-27,N
P-001631,Phoenix,2026-07-23,Y
P-001632,Phoenix,2026-07-16,N
P-001633,Phoenix,2026-07-28,N
P-001638,Phoenix,2026-08-01,Y
P-001640,Phoenix,2026-07-15,Y
P-001644,Phoenix,2026-07-19,N
P-001646,Phoenix,2026-07-31,Y
P-001647,Phoenix,2026-07-26,Y
P-001648,Phoenix,2026-07-31,Y
P-001649,Phoenix,2026-07-26,Y
P-001651,Phoenix,2026-08-02,Y
P-001652,Phoenix,2026-07-29,N
P-001654,Phoenix,2026-07-28,N
P-001656,Phoenix,2026-07-31,N
P-001659,Phoenix,2026-07-28,N
P-001661,Phoenix,2026-08-01,N
P-001664,Phoenix,2026-07-20,Y
P-001665,Phoenix,2026-07-31,N
P-001666,Phoenix,2026-07-25,N
P-001668,Phoenix,2026-07-25,N
P-001669,Phoenix,2026-07-15,N
P-001671,Phoenix,2026-07-18,N
P-001673,Phoenix,2026-08-03,N
P-001674,Phoenix,2026-07-23,N
P-001678,Phoenix,2026-07-27,N
P-001679,Phoenix,2026-07-28,Y
P-001682,Phoenix,2026-07-17,N
P-001683,Phoenix,2026-07-22,N
P-001684,Phoenix,2026-07-30,N
P-001687,Phoenix,2026-07-15,Y
P-001688,Phoenix,2026-07-30,Y
P-001690,Phoenix,2026-07-17,Y
P-001691,Phoenix,2026-08-03,N
P-001694,Phoenix,2026-07-26,Y
P-001695,Phoenix,2026-07-19,N
P-001697,Phoenix,2026-07-17,Y
P-001701,Phoenix,2026-07-27,N
P-001702,Phoenix,2026-07-26,Y
P-001703,Phoenix,2026-07-27,N
P-001704,Phoenix,2026-07-19,N
P-001706,Phoenix,2026-07-21,N
P-001707,Phoenix,2026-07-27,N
P-001708,Phoenix,2026-07-22,Y
P-001711,Phoenix,2026-07-22,N
P-001713,Phoenix,2026-07-17,N
P-001716,Phoenix,2026-07-25,N
P-001717,Phoenix,2026-07-23,N
P-001719,Phoenix,2026-08-04,N
P-001722,Phoenix,2026-08-04,N
P-001723,Phoenix,2026-07-31,N
P-001724,Phoenix,2026-07-18,N
P-001727,Phoenix,2026-07-15,Y
P-001728,Phoenix,2026-07-25,N
P-001730,Phoenix,2026-07-19,Y
P-001733,Phoenix,2026-07-15,N
P-001734,Phoenix,2026-07-18,Y
P-001735,Phoenix,2026-07-23,N
P-001736,Phoenix,2026-07-27,N
P-001738,Phoenix,2026-08-03,N
P-001739,Phoenix,2026-07-20,N
P-001741,Phoenix,2026-07-23,N
P-001743,Phoenix,2026-08-01,Y
P-001745,Phoenix,2026-07-24,Y
P-001746,Phoenix,2026-07-26,Y
P-001747,Phoenix,2026-08-02,Y
P-001749,Phoenix,2026-07-25,Y
P-001750,Phoenix,2026-07-28,Y
P-001752,Phoenix,2026-07-18,N
P-001754,Phoenix,2026-07-24,N
P-001755,Phoenix,2026-07-16,N
P-001758,Phoenix,2026-07-31,Y
P-001759,Phoenix,2026-07-22,Y
P-001760,Phoenix,2026-08-04,Y
P-001761,Phoenix,2026-07-21,N
P-001763,Phoenix,2026-07-27,Y
P-001764,Phoenix,2026-08-01,N
P-001765,Phoenix,2026-08-04,Y
P-001766,Phoenix,2026-07-27,N
P-001767,Phoenix,2026-07-20,Y
P-001776,Phoenix,2026-08-03,N
P-001779,Phoenix,2026-07-20,Y
P-001780,Phoenix,2026-07-29,N
P-001784,Phoenix,2026-07-15,N
P-001786,Phoenix,2026-08-01,Y
P-001787,Phoenix,2026-07-22,N
P-001791,Phoenix,2026-07-23,Y
P-001795,Phoenix,2026-08-03,N
P-001799,Phoenix,2026-07-24,N
P-001800,Phoenix,2026-07-24,Y
P-001805,Phoenix,2026-07-31,Y
P-001806,Phoenix,2026-07-26,Y
P-001807,Phoenix,2026-07-26,N
P-001808,Phoenix,2026-07-16,Y
P-001811,Phoenix,2026-07-18,N
P-001812,Phoenix,2026-07-27,N
P-001813,Phoenix,2026-07-26,Y
P-001814,Phoenix,2026-08-04,Y
P-001815,Phoenix,2026-07-29,Y
P-001817,Phoenix,2026-07-18,N
P-001818,Phoenix,2026-07-15,N
P-001819,Phoenix,2026-07-21,N
P-001823,Phoenix,2026-07-15,N
P-001826,Phoenix,2026-08-03,Y
P-001828,Phoenix,2026-07-26,N
P-001829,Phoenix,2026-07-19,N
P-001832,Phoenix,2026-07-28,Y
P-001833,Phoenix,2026-07-22,N
P-001836,Phoenix,2026-07-26,N
P-001840,Phoenix,2026-07-27,Y
P-001844,Phoenix,2026-07-19,Y
P-001847,Phoenix,2026-08-03,Y
P-001848,Phoenix,2026-07-16,N
P-001849,Phoenix,2026-08-02,Y
P-001850,Phoenix,2026-08-04,Y
P-001853,Phoenix,2026-07-29,Y
P-001854,Phoenix,2026-08-03,Y
P-001858,Phoenix,2026-07-31,Y
P-001859,Phoenix,2026-08-04,Y
P-001860,Phoenix,2026-07-30,Y
P-001861,Phoenix,2026-07-15,N
P-001865,Phoenix,2026-07-25,Y
P-001867,Phoenix,2026-07-23,N
P-001868,Phoenix,2026-07-25,N
P-001870,Phoenix,2026-07-17,N
P-001873,Phoenix,2026-08-03,N
P-001877,Phoenix,2026-07-16,N
P-001878,Phoenix,2026-07-17,N
P-001884,Phoenix,2026-08-03,Y
P-001886,Phoenix,2026-07-28,N
P-001887,Phoenix,2026-07-24,N
P-001889,Phoenix,2026-07-20,N
P-001891,Phoenix,2026-07-30,N
P-001892,Phoenix,2026-07-27,Y
P-001894,Phoenix,2026-07-25,Y
P-001897,Phoenix,2026-07-24,Y
P-001898,Phoenix,2026-07-30,N
P-001901,Phoenix,2026-07-28,N
P-001902,Phoenix,2026-07-23,N
P-001904,Phoenix,2026-08-04,N
P-001906,Phoenix,2026-07-29,Y
P-001909,Phoenix,2026-07-30,Y
P-001911,Phoenix,2026-07-22,N
P-001916,Phoenix,2026-07-16,N
P-001918,Phoenix,2026-08-01,N
P-001922,Phoenix,2026-07-21,N
P-001924,Phoenix,2026-07-31,Y
P-001927,Phoenix,2026-08-01,N
P-001928,Phoenix,2026-07-30,Y
P-001930,Phoenix,2026-07-25,Y
P-001931,Phoenix,2026-07-21,Y
P-001932,Phoenix,2026-07-31,N
P-001933,Phoenix,2026-07-23,N
P-001934,Phoenix,2026-07-30,N
P-001937,Phoenix,2026-07-22,N
P-001939,Phoenix,2026-07-15,N
P-001940,Phoenix,2026-07-29,Y
P-001941,Phoenix,2026-07-18,Y
P-001945,Phoenix,2026-07-21,N
P-001948,Phoenix,2026-08-04,N
P-001949,Phoenix,2026-07-29,N
P-001951,Phoenix,2026-07-18,N
P-001952,Phoenix,2026-07-15,N
P-001953,Phoenix,2026-07-29,Y
P-001954,Phoenix,2026-07-25,Y
P-001959,Phoenix,2026-07-30,N
P-001960,Phoenix,2026-07-18,Y
P-001964,Phoenix,2026-07-31,N
P-001966,Phoenix,2026-07-15,Y
P-001967,Phoenix,2026-07-27,N
P-001969,Phoenix,2026-07-18,N
P-001971,Phoenix,2026-08-02,Y
P-001975,Phoenix,2026-07-15,N
P-001977,Phoenix,2026-07-22,N
P-001978,Phoenix,2026-07-28,Y
P-001980,Phoenix,2026-07-24,N
P-001984,Phoenix,2026-07-24,Y
P-001988,Phoenix,2026-07-15,N
P-001994,Phoenix,2026-07-17,N
P-001996,Phoenix,2026-07-28,N
P-001997,Phoenix,2026-07-28,N
P-002003,Phoenix,2026-08-03,Y
P-002005,Phoenix,2026-07-15,N
P-002006,Phoenix,2026-07-31,N
P-002009,Phoenix,2026-07-26,Y
P-002010,Phoenix,2026-07-22,Y
P-002011,Phoenix,2026-07-22,N
P-002014,Phoenix,2026-07-20,Y
P-002015,Phoenix,2026-07-23,Y
P-002018,Phoenix,2026-07-20,Y
P-002019,Phoenix,2026-07-26,Y
P-002026,Phoenix,2026-07-20,Y
P-002027,Phoenix,2026-07-15,N
P-002032,Phoenix,2026-07-18,Y
P-002033,Phoenix,2026-07-25,Y
P-002034,Phoenix,2026-07-25,N
P-002036,Phoenix,2026-07-27,N
P-002037,Phoenix,2026-07-26,Y
P-002039,Phoenix,2026-08-02,N
P-002041,Phoenix,2026-08-01,Y
P-002045,Phoenix,2026-08-04,N
P-002046,Phoenix,2026-07-21,N
P-002047,Phoenix,2026-07-26,Y
P-002049,Phoenix,2026-07-29,N
P-002050,Phoenix,2026-08-02,Y
P-002052,Phoenix,2026-07-27,N
P-002053,Phoenix,2026-07-25,Y
P-002054,Phoenix,2026-07-30,N
P-002056,Phoenix,2026-07-18,N
P-002057,Phoenix,2026-08-01,N
P-002061,Phoenix,2026-07-20,N
P-002066,Phoenix,2026-07-29,Y
P-002067,Phoenix,2026-07-23,N
P-002068,Phoenix,2026-07-27,N
P-002073,Phoenix,2026-07-17,Y
P-002075,Phoenix,2026-07-31,Y
P-002076,Phoenix,2026-07-28,N
P-002078,Phoenix,2026-08-02,Y
P-002079,Phoenix,2026-07-16,Y
P-002080,Phoenix,2026-07-26,N
P-002081,Phoenix,2026-07-27,N
P-002082,Phoenix,2026-07-19,N
P-002088,Phoenix,2026-07-29,N
P-002090,Phoenix,2026-07-30,N
P-002092,Phoenix,2026-07-15,Y
P-002096,Phoenix,2026-08-01,N
P-002097,Phoenix,2026-07-26,N
P-002101,Phoenix,2026-07-25,N
P-002102,Phoenix,2026-07-27,Y
P-002104,Phoenix,2026-07-17,Y
P-002105,Phoenix,2026-07-28,N
P-002110,Phoenix,2026-07-22,Y
P-002111,Phoenix,2026-07-30,N
P-002112,Phoenix,2026-08-04,Y
P-002116,Phoenix,2026-07-19,N
P-002117,Phoenix,2026-07-20,N
P-002119,Phoenix,2026-07-20,N
P-002121,Phoenix,2026-08-04,N
P-002123,Phoenix,2026-08-04,Y
P-002129,Phoenix,2026-07-24,N
P-002132,Phoenix,2026-07-21,N
P-002133,Phoenix,2026-07-16,Y
P-002134,Phoenix,2026-07-29,Y
P-002137,Phoenix,2026-07-26,N
P-002138,Phoenix,2026-07-22,Y
P-002141,Phoenix,2026-08-01,Y
P-002143,Phoenix,2026-07-23,N
P-002146,Phoenix,2026-07-15,N
P-002147,Phoenix,2026-07-15,Y
P-002148,Phoenix,2026-07-28,N
P-002149,Phoenix,2026-07-16,N
P-002150,Phoenix,2026-07-15,N
P-002152,Phoenix,2026-08-04,N
P-002153,Phoenix,2026-07-23,N
P-002155,Phoenix,2026-07-23,N
P-002156,Phoenix,2026-07-26,N
P-002159,Phoenix,2026-07-22,N
P-002162,Phoenix,2026-07-24,N
P-002165,Phoenix,2026-07-30,N
P-002167,Phoenix,2026-08-01,Y
P-002169,Phoenix,2026-08-03,N
P-002171,Phoenix,2026-07-19,N
P-002172,Phoenix,2026-07-23,N
P-002173,Phoenix,2026-07-24,N
P-002175,Phoenix,2026-07-25,Y
P-002176,Phoenix,2026-07-25,N
P-002177,Phoenix,2026-07-15,Y
P-002179,Phoenix,2026-07-25,N
P-002181,Phoenix,2026-08-02,N
P-002186,Phoenix,2026-07-19,Y
P-002190,Phoenix,2026-07-19,Y
P-002192,Phoenix,2026-07-28,N
P-002193,Phoenix,2026-07-19,N
P-002196,Phoenix,2026-08-04,Y
P-002199,Phoenix,2026-07-20,N
P-002200,Phoenix,2026-07-30,Y
P-002203,Phoenix,2026-07-23,N
P-002204,Phoenix,2026-07-31,N
P-002206,Phoenix,2026-07-21,N
P-002208,Phoenix,2026-07-16,Y
P-002212,Phoenix,2026-07-15,Y
P-002214,Phoenix,2026-07-26,N
P-002215,Phoenix,2026-07-20,N
P-002218,Phoenix,2026-07-15,N
P-002219,Phoenix,2026-07-18,Y
P-002220,Phoenix,2026-07-26,N
P-002221,Phoenix,2026-08-03,N
P-002222,Phoenix,2026-07-22,N
P-002223,Phoenix,2026-07-21,Y
P-002224,Phoenix,2026-07-23,Y
P-002225,Phoenix,2026-07-24,N
P-002227,Phoenix,2026-07-20,N
P-002228,Phoenix,2026-08-02,N
P-002231,Phoenix,2026-07-17,N
P-002232,Phoenix,2026-07-16,N
P-002234,Phoenix,2026-08-03,Y
P-002235,Phoenix,2026-08-02,N
P-002238,Phoenix,2026-07-28,N
P-002239,Phoenix,2026-07-25,N
P-002241,Phoenix,2026-07-30,N
P-002242,Phoenix,2026-07-23,N
P-002243,Phoenix,2026-07-24,N
P-002246,Phoenix,2026-07-21,Y
P-002250,Phoenix,2026-07-20,Y
P-002253,Phoenix,2026-07-24,N
P-002255,Phoenix,2026-07-30,N
P-002258,Phoenix,2026-07-20,N
P-002259,Phoenix,2026-08-03,N
P-002262,Phoenix,2026-07-27,Y
P-002264,Phoenix,2026-07-30,Y
P-002266,Phoenix,2026-08-04,N
P-002269,Phoenix,2026-08-02,N
P-002271,Phoenix,2026-07-17,N
P-002275,Phoenix,2026-07-16,N
P-002276,Phoenix,2026-07-16,Y
P-002281,Phoenix,2026-08-02,Y
P-002282,Phoenix,2026-08-01,Y
P-002283,Phoenix,2026-07-31,Y
P-002284,Phoenix,2026-07-18,Y
P-002285,Phoenix,2026-07-30,N
P-002295,Phoenix,2026-07-18,Y
P-002297,Phoenix,2026-08-04,Y
P-002300,Phoenix,2026-07-16,Y
P-002301,Phoenix,2026-07-25,N
P-002302,Phoenix,2026-07-20,N
P-002304,Phoenix,2026-08-04,N
P-002305,Phoenix,2026-08-02,N
P-002307,Phoenix,2026-07-18,N
P-002308,Phoenix,2026-08-02,Y
P-002309,Phoenix,2026-07-24,Y
P-002310,Phoenix,2026-07-30,Y
P-002312,Phoenix,2026-07-17,Y
P-002315,Phoenix,2026-07-17,N
P-002316,Phoenix,2026-08-03,N
P-002317,Phoenix,2026-08-02,N
P-002319,Phoenix,2026-07-19,Y
P-002321,Phoenix,2026-08-03,Y
P-002323,Phoenix,2026-07-20,N
P-002324,Phoenix,2026-07-20,N
P-002326,Phoenix,2026-07-16,N
P-002328,Phoenix,2026-07-22,N
P-002330,Phoenix,2026-07-24,Y
P-002331,Phoenix,2026-07-22,Y
P-002333,Phoenix,2026-07-27,Y
P-002334,Phoenix,2026-07-30,N
P-002336,Phoenix,2026-07-30,N
P-002337,Phoenix,2026-07-23,N
P-002340,Phoenix,2026-07-18,N
P-002341,Phoenix,2026-07-15,Y
P-002342,Phoenix,2026-07-28,N
P-002343,Phoenix,2026-07-24,N
P-002344,Phoenix,2026-07-26,N
P-002345,Phoenix,2026-07-28,N
P-002347,Phoenix,2026-07-28,N
P-002348,Phoenix,2026-07-18,Y
P-002349,Phoenix,2026-07-18,N
P-002350,Phoenix,2026-07-25,Y
P-002351,Phoenix,2026-07-16,N
P-002352,Phoenix,2026-07-27,N
P-002353,Phoenix,2026-07-21,N
P-002354,Phoenix,2026-07-26,Y
P-002356,Phoenix,2026-07-29,Y
P-002359,Phoenix,2026-07-19,N
P-002360,Phoenix,2026-07-26,Y
P-002361,Phoenix,2026-07-18,N
P-002364,Phoenix,2026-08-04,Y
P-002365,Phoenix,2026-07-19,Y
P-002366,Phoenix,2026-07-27,Y
P-002368,Phoenix,2026-07-29,N
P-002369,Phoenix,2026-08-04,N
P-002376,Phoenix,2026-07-22,Y
P-002378,Phoenix,2026-08-04,N
P-002379,Phoenix,2026-07-16,Y
P-002380,Phoenix,2026-07-19,N
P-002383,Phoenix,2026-07-20,N
P-002388,Phoenix,2026-07-31,N
P-002390,Phoenix,2026-07-24,Y
P-002391,Phoenix,2026-07-15,N
P-002394,Phoenix,2026-07-15,N
P-002397,Phoenix,2026-07-28,Y
P-002399,Phoenix,2026-07-27,Y
P-002400,Phoenix,2026-07-22,N
P-002401,Phoenix,2026-07-27,Y
P-002403,Phoenix,2026-07-31,N
P-002408,Phoenix,2026-07-31,N
P-002410,Phoenix,2026-07-26,Y
P-002412,Phoenix,2026-07-16,N
P-002414,Phoenix,2026-07-20,N
P-002415,Phoenix,2026-07-20,N
P-002418,Phoenix,2026-07-29,Y
P-002419,Phoenix,2026-07-27,N
P-002420,Phoenix,2026-07-27,Y
P-002421,Phoenix,2026-07-30,N
P-002422,Phoenix,2026-07-16,N
P-002423,Phoenix,2026-07-26,Y
P-002425,Phoenix,2026-08-01,Y
P-002427,Phoenix,2026-07-17,Y
P-002428,Phoenix,2026-07-24,N
P-002430,Phoenix,2026-07-15,Y
P-002432,Phoenix,2026-07-15,N
P-002433,Phoenix,2026-07-22,Y
P-002435,Phoenix,2026-07-25,N
P-002436,Phoenix,2026-07-24,N
P-002437,Phoenix,2026-07-23,Y
P-002441,Phoenix,2026-07-26,N
P-002442,Phoenix,2026-07-30,N
P-002443,Phoenix,2026-07-20,N
P-002447,Phoenix,2026-08-02,N
P-002449,Phoenix,2026-07-30,N
P-002450,Phoenix,2026-07-27,N
P-002452,New York,2026-07-15,N
P-002454,New York,2026-07-21,N
P-002455,New York,2026-07-16,Y
P-002461,New York,2026-07-28,Y
P-002462,New York,2026-07-16,Y
P-002465,New York,2026-08-03,N
P-002466,New York,2026-08-03,N
P-002471,New York,2026-07-29,Y
P-002475,New York,2026-07-25,N
P-002477,New York,2026-07-30,N
P-002486,New York,2026-07-21,Y
P-002497,New York,2026-08-03,N
P-002498,New York,2026-07-21,N
P-002504,New York,2026-07-27,Y
P-002505,New York,2026-07-31,Y
P-002507,New York,2026-07-26,N
P-002508,New York,2026-07-25,N
P-002510,New York,2026-07-28,Y
P-002512,New York,2026-07-31,N
P-002516,New York,2026-07-16,N
P-002521,New York,2026-07-15,Y
P-002523,New York,2026-07-26,N
P-002527,New York,2026-07-29,N
P-002528,New York,2026-07-28,N
P-002545,New York,2026-07-18,N
P-002553,New York,2026-07-23,Y
P-002554,New York,2026-07-23,Y
P-002557,New York,2026-07-31,N
P-002563,New York,2026-07-20,N
P-002572,New York,2026-07-24,N
P-002573,New York,2026-07-28,Y
P-002575,New York,2026-07-31,Y
P-002581,New York,2026-07-16,Y
P-002584,New York,2026-07-31,N
P-002587,New York,2026-07-17,N
P-002596,New York,2026-07-24,Y
P-002603,New York,2026-07-23,N
P-002619,New York,2026-07-20,N
P-002624,New York,2026-08-02,N
P-002627,New York,2026-07-29,Y
P-002629,New York,2026-07-15,N
P-002630,New York,2026-07-23,N
P-002634,New York,2026-07-22,N
P-002635,New York,2026-07-20,Y
P-002638,New York,2026-07-20,Y
P-002640,New York,2026-07-31,N
P-002641,New York,2026-07-19,N
P-002644,New York,2026-07-28,N
P-002656,New York,2026-08-01,Y
P-002662,New York,2026-07-27,N
P-002679,New York,2026-07-16,N
P-002680,New York,2026-08-02,Y
P-002691,New York,2026-07-17,N
P-002695,New York,2026-07-15,Y
P-002701,New York,2026-08-03,N
P-002702,New York,2026-07-15,N
P-002710,New York,2026-07-16,N
P-002717,New York,2026-07-20,N
P-002730,New York,2026-07-19,N
P-002733,New York,2026-07-23,N
P-002738,New York,2026-08-04,N
P-002740,New York,2026-07-20,Y
P-002741,New York,2026-07-23,Y
P-002743,New York,2026-08-03,N
P-002744,New York,2026-08-04,N
P-002759,New York,2026-07-20,Y
P-002769,New York,2026-07-31,Y
P-002776,New York,2026-07-31,Y
P-002778,New York,2026-07-26,Y
P-002785,New York,2026-07-20,N
P-002796,New York,2026-07-23,N
P-002798,New York,2026-07-22,N
P-002800,New York,2026-07-22,N
P-002802,New York,2026-07-29,N
P-002804,New York,2026-07-21,Y
P-002812,New York,2026-07-20,Y
P-002816,New York,2026-07-31,N
P-002818,New York,2026-08-02,N
P-002824,New York,2026-07-26,N
P-002835,New York,2026-07-31,N
P-002840,New York,2026-07-27,N
P-002843,New York,2026-07-16,Y
P-002845,New York,2026-07-17,N
P-002847,New York,2026-07-28,Y
P-002855,New York,2026-07-18,Y
P-002857,New York,2026-08-04,N
P-002859,New York,2026-07-31,N
P-002860,New York,2026-07-19,N
P-002865,New York,2026-08-02,N
P-002877,New York,2026-07-26,Y
P-002878,New York,2026-07-18,Y
P-002888,New York,2026-07-19,Y
P-002889,New York,2026-08-01,N
P-002891,New York,2026-07-17,Y
P-002893,New York,2026-07-23,Y
P-002899,New York,2026-07-25,N
P-002902,New York,2026-07-17,Y
P-002908,New York,2026-07-21,N
P-002913,New York,2026-08-02,N
P-002919,New York,2026-07-15,N
P-002921,New York,2026-07-19,Y
P-002924,New York,2026-08-04,Y
P-002928,New York,2026-07-21,N
P-002929,New York,2026-07-29,N
P-002931,New York,2026-07-24,Y
P-002932,New York,2026-07-30,N
P-002938,New York,2026-07-28,Y
P-002946,New York,2026-07-27,N
P-002954,New York,2026-07-22,N
P-002959,New York,2026-07-18,N
P-002961,New York,2026-07-17,N
P-002964,New York,2026-08-04,N
P-002966,New York,2026-07-19,Y
P-002978,New York,2026-07-22,N
P-002980,New York,2026-07-26,N
P-002992,New York,2026-08-01,N
P-002994,New York,2026-08-03,N
P-003002,New York,2026-07-27,N
P-003010,New York,2026-07-31,N
P-003014,New York,2026-07-17,N
P-003015,New York,2026-07-16,N
P-003016,New York,2026-07-25,Y
P-003020,New York,2026-08-03,N
P-003029,New York,2026-07-22,N
P-003031,New York,2026-08-03,Y
P-003032,New York,2026-07-22,N
P-003037,New York,2026-07-15,Y
P-003040,New York,2026-07-27,N
P-003049,New York,2026-07-27,Y
P-003052,New York,2026-07-28,Y
P-003053,New York,2026-07-24,Y
P-003055,New York,2026-07-29,Y
P-003062,New York,2026-08-03,Y
P-003068,New York,2026-07-31,N
P-003072,New York,2026-07-28,Y
P-003074,New York,2026-07-18,N
P-003075,New York,2026-07-21,N
P-003078,New York,2026-08-04,N
P-003080,New York,2026-08-04,Y
P-003093,New York,2026-07-28,N
P-003094,New York,2026-07-17,N
P-003115,New York,2026-07-20,Y
P-003116,New York,2026-08-03,N
P-003122,New York,2026-07-26,N
P-003123,New York,2026-07-17,Y
P-003129,New York,2026-07-16,N
P-003133,New York,2026-07-23,Y
P-003140,New York,2026-08-01,Y
P-003153,New York,2026-07-19,N
P-003155,New York,2026-07-28,N
P-003162,New York,2026-07-22,Y
P-003163,New York,2026-08-01,N
P-003165,New York,2026-07-15,N
P-003166,New York,2026-07-22,N
P-003167,New York,2026-07-18,Y
P-003170,New York,2026-08-03,Y
P-003189,New York,2026-07-28,Y
P-003190,New York,2026-07-30,N
P-003194,New York,2026-08-03,N
P-003198,New York,2026-07-16,Y
P-003204,New York,2026-07-25,N
P-003207,New York,2026-07-26,Y
P-003209,New York,2026-07-30,N
P-003216,New York,2026-08-02,N
P-003217,New York,2026-08-01,Y
P-003219,New York,2026-07-28,N
P-003224,New York,2026-07-19,N
P-003227,New York,2026-07-17,N
P-003229,New York,2026-07-27,N
P-003234,New York,2026-07-30,N
P-003239,New York,2026-08-03,N
P-003242,New York,2026-07-27,N
P-003249,New York,2026-07-24,Y
P-003250,New York,2026-07-17,Y
P-003253,New York,2026-07-16,N
P-003264,New York,2026-07-29,Y
P-003269,New York,2026-07-29,Y
P-003278,New York,2026-08-02,N
P-003285,New York,2026-07-31,N
P-003286,New York,2026-08-04,Y
P-003289,New York,2026-07-19,Y
P-003290,New York,2026-07-28,N
P-003293,New York,2026-07-23,N
P-003300,New York,2026-07-22,Y
P-003305,New York,2026-07-31,N
P-003311,New York,2026-08-04,Y
P-003317,New York,2026-08-03,Y
P-003322,New York,2026-07-18,N
P-003328,New York,2026-07-24,N
P-003332,New York,2026-07-24,Y
P-003338,New York,2026-07-20,N
P-003352,New York,2026-07-19,Y
P-003353,New York,2026-08-02,N
P-003367,New York,2026-07-18,Y
P-003368,New York,2026-07-25,N
P-003369,New York,2026-07-16,N
P-003374,New York,2026-07-18,Y
P-003395,New York,2026-08-04,N
P-003398,New York,2026-07-27,N
P-003399,New York,2026-07-15,Y
P-003411,New York,2026-07-31,Y
P-003415,New York,2026-07-31,N
P-003427,New York,2026-07-23,N
P-003435,New York,2026-07-19,N
P-003437,New York,2026-07-19,N
P-003445,New York,2026-07-21,Y
P-003447,New York,2026-07-18,Y
P-003448,New York,2026-07-16,Y
P-003450,New York,2026-08-02,Y
P-003456,New York,2026-07-16,N
P-003465,New York,2026-08-02,Y
P-003466,New York,2026-08-02,Y
P-003475,New York,2026-08-04,Y
P-003477,New York,2026-07-21,Y
P-003482,New York,2026-07-16,Y
P-003483,New York,2026-07-27,N
P-003488,New York,2026-08-02,N
P-003489,New York,2026-07-23,N
P-003495,New York,2026-07-16,N
P-003507,New York,2026-08-01,N
P-003508,New York,2026-08-04,N
P-003509,New York,2026-07-29,N
P-003511,New York,2026-07-23,Y
P-003516,New York,2026-07-28,N
P-003520,New York,2026-07-25,Y
P-003521,New York,2026-07-22,N
P-003527,New York,2026-07-18,N
P-003528,New York,2026-07-22,N
P-003545,New York,2026-07-26,Y
P-003551,New York,2026-07-22,N
P-003554,New York,2026-08-03,Y
P-003555,New York,2026-07-27,Y
P-003559,New York,2026-07-29,N
P-003561,New York,2026-07-22,N
P-003564,New York,2026-07-24,N
P-003575,New York,2026-07-29,Y
P-003576,New York,2026-07-31,Y
P-003596,New York,2026-07-30,Y
P-003599,New York,2026-07-17,N
P-003603,New York,2026-07-22,N
P-003610,New York,2026-07-16,N
P-003616,New York,2026-07-25,Y
P-003619,New York,2026-07-26,Y
P-003628,New York,2026-07-27,N
P-003631,New York,2026-07-30,Y
P-003633,New York,2026-07-30,N
P-003634,New York,2026-07-31,Y
P-003636,New York,2026-07-28,Y
P-003637,New York,2026-07-18,N
P-003641,New York,2026-08-01,N
P-003642,New York,2026-07-27,Y
P-003651,New York,2026-08-01,Y
P-003652,New York,2026-07-19,N
P-003653,New York,2026-07-20,Y
P-003654,New York,2026-07-20,Y
P-003656,New York,2026-07-27,Y
P-003659,New York,2026-07-20,Y
P-003660,New York,2026-07-18,Y
P-003662,New York,2026-07-17,Y
P-003663,New York,2026-07-25,N
P-003670,New York,2026-07-25,N
P-003672,New York,2026-07-22,N
P-003680,New York,2026-07-17,N
P-003687,New York,2026-07-27,Y
P-003692,New York,2026-07-26,N
P-003694,New York,2026-07-20,N
P-003700,New York,2026-07-26,N
P-003701,New York,2026-07-21,N
P-003712,New York,2026-07-28,N
P-003714,New York,2026-08-04,N
P-003715,New York,2026-07-27,N
P-003721,New York,2026-07-17,Y
P-003732,New York,2026-07-25,Y
P-003735,New York,2026-07-31,Y
P-003743,New York,2026-07-23,N
P-003745,New York,2026-07-24,Y
P-003748,New York,2026-07-23,N
P-003751,New York,2026-07-30,N
P-003759,New York,2026-07-29,N
P-003760,New York,2026-07-18,Y
P-003766,New York,2026-08-03,N
P-003769,New York,2026-07-31,N
P-003776,New York,2026-08-04,N
P-003779,New York,2026-07-29,N
P-003782,New York,2026-07-23,Y
P-003790,New York,2026-07-31,N
P-003794,New York,2026-08-04,Y
P-003806,New York,2026-08-02,Y
P-003819,New York,2026-07-27,N
P-003823,New York,2026-07-23,N
P-003824,New York,2026-07-15,Y
P-003833,New York,2026-07-28,Y
P-003836,New York,2026-07-31,Y
P-003838,New York,2026-07-22,Y
P-003844,New York,2026-08-03,N
P-003845,New York,2026-08-02,N
P-003849,New York,2026-07-16,N
P-003853,New York,2026-07-18,N
P-003857,New York,2026-07-25,Y
P-003858,New York,2026-08-03,N
P-003862,New York,2026-07-26,N
P-003867,New York,2026-07-23,Y
P-003870,New York,2026-08-03,N
P-003881,New York,2026-07-21,N
P-003882,New York,2026-07-29,Y
P-003888,New York,2026-07-25,N
P-003892,New York,2026-07-25,Y
P-003897,New York,2026-07-24,N
P-003900,New York,2026-07-25,Y
P-003909,New York,2026-07-17,N
P-003913,New York,2026-07-18,N
P-003920,New York,2026-07-18,N
P-003924,New York,2026-07-22,Y
P-003935,New York,2026-07-21,N
P-003936,New York,2026-07-27,N
P-003946,New York,2026-07-18,N
P-003951,Chicago,2026-07-23,Y
P-003961,Chicago,2026-07-19,Y
P-003965,Chicago,2026-07-22,N
P-003971,Chicago,2026-07-26,N
P-003983,Chicago,2026-07-28,N
P-003998,Chicago,2026-07-19,N
P-004003,Chicago,2026-08-02,N
P-004006,Chicago,2026-08-02,Y
P-004009,Chicago,2026-07-18,N
P-004011,Chicago,2026-07-26,N
P-004012,Chicago,2026-07-31,N
P-004013,Chicago,2026-07-29,Y
P-004015,Chicago,2026-07-16,Y
P-004028,Chicago,2026-08-01,N
P-004032,Chicago,2026-07-31,N
P-004034,Chicago,2026-07-24,N
P-004041,Chicago,2026-08-04,N
P-004043,Chicago,2026-07-18,N
P-004047,Chicago,2026-07-16,Y
P-004051,Chicago,2026-07-24,N
P-004054,Chicago,2026-07-25,Y
P-004069,Chicago,2026-07-29,N
P-004072,Chicago,2026-07-16,N
P-004074,Chicago,2026-08-01,N
P-004076,Chicago,2026-07-15,Y
P-004080,Chicago,2026-08-01,N
P-004082,Chicago,2026-08-02,Y
P-004083,Chicago,2026-07-15,Y
P-004084,Chicago,2026-07-24,N
P-004085,Chicago,2026-07-16,Y
P-004086,Chicago,2026-07-24,N
P-004095,Chicago,2026-07-30,Y
P-004102,Chicago,2026-08-02,N
P-004106,Chicago,2026-07-22,N
P-004111,Chicago,2026-07-27,Y
P-004114,Chicago,2026-07-21,N
P-004116,Chicago,2026-07-24,N
P-004119,Chicago,2026-07-18,Y
P-004125,Chicago,2026-07-17,Y
P-004126,Chicago,2026-07-28,N
P-004127,Chicago,2026-07-26,N
P-004129,Chicago,2026-07-28,Y
P-004131,Chicago,2026-07-31,N
P-004136,Chicago,2026-07-15,Y
P-004137,Chicago,2026-07-21,Y
P-004146,Chicago,2026-07-22,Y
P-004148,Chicago,2026-07-24,Y
P-004155,Chicago,2026-07-27,N
P-004158,Chicago,2026-07-21,N
P-004160,Chicago,2026-07-27,N
P-004174,Chicago,2026-07-25,N
P-004181,Chicago,2026-07-31,N
P-004192,Chicago,2026-07-21,N
P-004200,Chicago,2026-07-17,Y
P-004210,Chicago,2026-07-18,N
P-004212,Chicago,2026-07-25,Y
P-004216,Chicago,2026-07-20,N
P-004217,Chicago,2026-08-01,N
P-004219,Chicago,2026-08-04,Y
P-004220,Chicago,2026-07-27,N
P-004223,Chicago,2026-07-29,Y
P-004224,Chicago,2026-07-23,N
P-004226,Chicago,2026-07-26,Y
P-004227,Chicago,2026-07-21,N
P-004237,Chicago,2026-07-27,N
P-004238,Chicago,2026-07-17,Y
P-004240,Chicago,2026-07-27,N
P-004246,Chicago,2026-07-21,N
P-004247,Chicago,2026-08-03,Y
P-004248,Chicago,2026-07-30,N
P-004250,Chicago,2026-07-24,N
P-004255,Chicago,2026-07-23,Y
P-004256,Chicago,2026-07-29,Y
P-004261,Chicago,2026-08-03,Y
P-004275,Chicago,2026-08-02,N
P-004278,Chicago,2026-08-03,Y
P-004284,Chicago,2026-08-01,N
P-004289,Chicago,2026-07-29,N
P-004292,Chicago,2026-08-04,N
P-004297,Chicago,2026-07-19,Y
P-004303,Chicago,2026-08-01,N
P-004311,Chicago,2026-07-23,N
P-004312,Chicago,2026-07-29,N
P-004314,Chicago,2026-07-22,Y
P-004315,Chicago,2026-07-26,Y
P-004325,Chicago,2026-07-31,N
P-004326,Chicago,2026-07-17,Y
P-004328,Chicago,2026-07-22,Y
P-004329,Chicago,2026-07-31,N
P-004335,Chicago,2026-07-28,N
P-004337,Chicago,2026-08-03,N
P-004338,Chicago,2026-07-23,N
P-004348,Chicago,2026-07-31,Y
P-004349,Chicago,2026-07-22,Y
P-004350,Chicago,2026-07-15,N
P-004355,Chicago,2026-07-18,Y
P-004363,Chicago,2026-08-01,N
P-004375,Chicago,2026-07-17,N
P-004385,Chicago,2026-07-21,N
P-004386,Chicago,2026-07-21,Y
P-004389,Chicago,2026-07-22,N
P-004390,Chicago,2026-08-01,Y
P-004393,Chicago,2026-07-22,Y
P-004394,Chicago,2026-07-27,Y
P-004400,Chicago,2026-07-31,N
P-004401,Chicago,2026-07-26,N
P-004403,Chicago,2026-07-27,Y
P-004415,Chicago,2026-07-30,Y
P-004416,Chicago,2026-07-27,Y
P-004421,Chicago,2026-07-30,Y
P-004433,Chicago,2026-07-26,Y
P-004436,Chicago,2026-07-21,N
P-004444,Chicago,2026-08-02,Y
P-004445,Chicago,2026-07-16,N
P-004453,Chicago,2026-07-21,N
P-004459,Chicago,2026-08-04,Y
P-004462,Chicago,2026-07-18,N
P-004468,Chicago,2026-07-29,Y
P-004473,Chicago,2026-07-24,N
P-004476,Chicago,2026-08-04,Y
P-004483,Chicago,2026-08-01,Y
P-004485,Chicago,2026-07-24,Y
P-004500,Chicago,2026-07-24,N
P-004504,Chicago,2026-07-28,Y
P-004506,Chicago,2026-07-19,N
P-004509,Chicago,2026-07-18,N
P-004515,Chicago,2026-07-15,N
P-004520,Chicago,2026-08-01,Y
P-004522,Chicago,2026-07-29,N
P-004530,Chicago,2026-07-23,N
P-004532,Chicago,2026-07-30,N
P-004533,Chicago,2026-07-17,N
P-004539,Chicago,2026-07-15,N
P-004541,Chicago,2026-07-17,N
P-004543,Chicago,2026-07-31,N
P-004548,Chicago,2026-07-31,N
P-004561,Chicago,2026-07-23,N
P-004568,Chicago,2026-08-04,N
P-004571,Chicago,2026-08-03,N
P-004578,Chicago,2026-07-24,N
P-004580,Chicago,2026-07-18,N
P-004582,Chicago,2026-07-19,N
P-004590,Chicago,2026-07-21,N
P-004592,Chicago,2026-07-16,N
P-004599,Chicago,2026-07-22,N
P-004600,Chicago,2026-07-30,N
P-004602,Chicago,2026-08-02,N
P-004605,Chicago,2026-07-28,N
P-004612,Chicago,2026-07-16,Y
P-004623,Chicago,2026-07-27,N
P-004625,Chicago,2026-08-01,Y
P-004627,Chicago,2026-07-25,Y
P-004630,Chicago,2026-07-18,N
P-004641,Chicago,2026-07-18,Y
P-004647,Chicago,2026-07-15,Y
P-004648,Chicago,2026-07-17,Y
P-004651,Chicago,2026-08-02,N
P-004655,Chicago,2026-07-20,Y
P-004672,Chicago,2026-07-27,Y
P-004677,Chicago,2026-07-31,Y
P-004685,Chicago,2026-07-31,Y
P-004688,Chicago,2026-07-16,Y
P-004693,Chicago,2026-07-27,Y
P-004699,Chicago,2026-07-15,N
P-004710,Chicago,2026-07-23,N
P-004712,Chicago,2026-07-30,N
P-004714,Chicago,2026-07-22,N
P-004718,Chicago,2026-07-19,N
P-004725,Chicago,2026-08-04,N
P-004727,Chicago,2026-08-04,Y
P-004729,Chicago,2026-08-02,N
P-004742,Chicago,2026-08-04,N
P-004743,Chicago,2026-07-19,N
P-004745,Chicago,2026-07-23,Y
P-004746,Chicago,2026-07-18,N
P-004748,Chicago,2026-08-01,Y
P-004750,Chicago,2026-07-21,Y
P-004754,Chicago,2026-07-31,N
P-004764,Chicago,2026-07-26,Y
P-004765,Chicago,2026-07-15,N
P-004770,Chicago,2026-07-19,N
P-004779,Chicago,2026-07-19,N
P-004786,Chicago,2026-07-28,N
P-004792,Chicago,2026-08-01,Y
P-004795,Chicago,2026-07-27,N
P-004803,Chicago,2026-08-04,Y
P-004809,Chicago,2026-08-03,Y
P-004810,Chicago,2026-07-28,N
P-004815,Chicago,2026-08-04,Y
P-004818,Chicago,2026-07-15,Y
P-004819,Chicago,2026-07-18,N
P-004825,Chicago,2026-08-02,N
P-004830,Chicago,2026-07-31,Y
P-004836,Chicago,2026-07-29,N
P-004847,Chicago,2026-07-15,Y
P-004852,Chicago,2026-08-03,N
P-004861,Chicago,2026-07-20,N
P-004863,Chicago,2026-07-27,Y
P-004876,Chicago,2026-07-18,Y
P-004877,Chicago,2026-07-22,N
P-004878,Chicago,2026-07-27,Y
P-004880,Chicago,2026-07-18,Y
P-004881,Chicago,2026-07-19,Y
P-004883,Chicago,2026-07-29,N
P-004891,Chicago,2026-07-17,Y
P-004899,Chicago,2026-07-27,N
P-004902,Chicago,2026-07-31,Y
P-004912,Chicago,2026-07-28,Y
P-004913,Chicago,2026-07-30,Y
P-004917,Chicago,2026-07-20,N
P-004918,Chicago,2026-07-19,N
P-004924,Chicago,2026-07-30,N
P-004929,Chicago,2026-07-17,N
P-004937,Chicago,2026-07-26,N
P-004942,Chicago,2026-07-23,N
P-004952,Atlanta,2026-07-19,N
P-004953,Atlanta,2026-08-01,Y
P-004958,Atlanta,2026-07-23,Y
P-004963,Atlanta,2026-07-20,N
P-004964,Atlanta,2026-07-29,Y
P-004967,Atlanta,2026-08-04,Y
P-004969,Atlanta,2026-07-18,Y
P-004970,Atlanta,2026-07-22,N
P-004975,Atlanta,2026-08-04,Y
P-004979,Atlanta,2026-07-16,Y
P-004982,Atlanta,2026-07-23,N
P-004983,Atlanta,2026-07-24,N
P-004984,Atlanta,2026-08-04,N
P-004988,Atlanta,2026-08-03,Y
P-004989,Atlanta,2026-07-30,N
P-004991,Atlanta,2026-08-03,N
P-004992,Atlanta,2026-07-27,Y
P-004993,Atlanta,2026-07-29,Y
P-004994,Atlanta,2026-07-30,N
P-004997,Atlanta,2026-07-19,N
P-004998,Atlanta,2026-07-18,Y
P-005000,Atlanta,2026-07-31,N
P-005002,Atlanta,2026-07-20,N
P-005004,Atlanta,2026-08-04,Y
P-005005,Atlanta,2026-07-19,N
P-005006,Atlanta,2026-07-24,N
P-005007,Atlanta,2026-07-26,N
P-005011,Atlanta,2026-07-26,N
P-005013,Atlanta,2026-07-23,N
P-005016,Atlanta,2026-07-21,N
P-005018,Atlanta,2026-07-16,Y
P-005020,Atlanta,2026-08-03,N
P-005022,Atlanta,2026-07-23,Y
P-005023,Atlanta,2026-08-03,N
P-005024,Atlanta,2026-07-16,N
P-005025,Atlanta,2026-07-19,N
P-005026,Atlanta,2026-07-31,N
P-005027,Atlanta,2026-07-29,N
P-005030,Atlanta,2026-07-28,Y
P-005031,Atlanta,2026-07-25,N
P-005033,Atlanta,2026-07-21,N
P-005038,Atlanta,2026-07-24,Y
P-005041,Atlanta,2026-07-31,Y
P-005043,Atlanta,2026-07-26,Y
P-005044,Atlanta,2026-07-21,N
P-005046,Atlanta,2026-07-22,N
P-005050,Atlanta,2026-07-17,N
P-005051,Atlanta,2026-07-27,N
P-005052,Atlanta,2026-07-22,N
P-005053,Atlanta,2026-07-31,Y
P-005054,Atlanta,2026-07-18,N
P-005055,Atlanta,2026-07-26,Y
P-005056,Atlanta,2026-07-15,N
P-005060,Atlanta,2026-07-16,N
P-005061,Atlanta,2026-07-15,Y
P-005062,Atlanta,2026-07-30,N
P-005064,Atlanta,2026-07-22,N
P-005067,Atlanta,2026-07-21,N
P-005070,Atlanta,2026-08-04,Y
P-005072,Atlanta,2026-08-02,N
P-005073,Atlanta,2026-07-19,N
P-005077,Atlanta,2026-07-17,N
P-005078,Atlanta,2026-07-24,N
P-005079,Atlanta,2026-07-21,Y
P-005081,Atlanta,2026-07-22,N
P-005085,Atlanta,2026-07-18,N
P-005086,Atlanta,2026-07-30,N
P-005088,Atlanta,2026-08-01,N
P-005089,Atlanta,2026-08-04,Y
P-005091,Atlanta,2026-07-19,Y
P-005093,Atlanta,2026-07-22,Y
P-005094,Atlanta,2026-07-25,N
P-005096,Atlanta,2026-07-19,N
P-005099,Atlanta,2026-07-29,N
P-005105,Atlanta,2026-07-30,Y
P-005106,Atlanta,2026-07-30,Y
P-005109,Atlanta,2026-08-01,N
P-005110,Atlanta,2026-07-26,Y
P-005111,Atlanta,2026-07-30,N
P-005112,Atlanta,2026-07-16,Y
P-005113,Atlanta,2026-07-19,Y
P-005117,Atlanta,2026-07-27,N
P-005120,Atlanta,2026-07-27,N
P-005123,Atlanta,2026-07-28,N
P-005124,Atlanta,2026-07-28,N
P-005125,Atlanta,2026-07-20,N
P-005126,Atlanta,2026-07-25,N
P-005127,Atlanta,2026-07-23,Y
P-005128,Atlanta,2026-07-16,N
P-005129,Atlanta,2026-07-27,N
P-005130,Atlanta,2026-07-22,N
P-005132,Atlanta,2026-07-21,N
P-005133,Atlanta,2026-07-22,N
P-005134,Atlanta,2026-07-21,Y
P-005136,Atlanta,2026-08-01,N
P-005137,Atlanta,2026-07-18,Y
P-005138,Atlanta,2026-07-15,Y
P-005139,Atlanta,2026-07-29,Y
P-005142,Atlanta,2026-07-21,Y
P-005143,Atlanta,2026-07-28,Y
P-005148,Atlanta,2026-07-27,N
P-005149,Atlanta,2026-07-19,Y
P-005152,Atlanta,2026-07-28,Y
P-005153,Atlanta,2026-07-15,N
P-005154,Atlanta,2026-07-17,N
P-005156,Atlanta,2026-07-23,Y
P-005157,Atlanta,2026-07-30,N
P-005158,Atlanta,2026-08-01,N
P-005159,Atlanta,2026-07-18,N
P-005160,Atlanta,2026-07-28,N
P-005164,Atlanta,2026-07-23,N
P-005165,Atlanta,2026-07-24,N
P-005167,Atlanta,2026-07-24,N
P-005177,Atlanta,2026-07-26,N
P-005178,Atlanta,2026-08-02,N
P-005182,Atlanta,2026-08-02,Y
P-005184,Atlanta,2026-07-19,N
P-005185,Atlanta,2026-08-01,Y
P-005188,Atlanta,2026-07-29,Y
P-005189,Atlanta,2026-07-16,N
P-005190,Atlanta,2026-07-30,N
P-005192,Atlanta,2026-07-22,N
P-005193,Atlanta,2026-07-27,N
P-005196,Atlanta,2026-07-18,Y
P-005198,Atlanta,2026-07-28,Y
P-005199,Atlanta,2026-07-22,N
P-005200,Atlanta,2026-07-24,Y
P-005201,Atlanta,2026-07-22,N
P-005210,Atlanta,2026-07-24,Y
P-005211,Atlanta,2026-07-21,N
P-005212,Atlanta,2026-07-24,N
P-005215,Atlanta,2026-08-02,N
P-005217,Atlanta,2026-08-02,Y
P-005220,Atlanta,2026-07-15,N
P-005221,Atlanta,2026-07-16,N
P-005222,Atlanta,2026-07-21,N
P-005227,Atlanta,2026-07-19,Y
P-005228,Atlanta,2026-07-26,N
P-005229,Atlanta,2026-07-16,N
P-005230,Atlanta,2026-07-15,N
P-005233,Atlanta,2026-07-20,Y
P-005234,Atlanta,2026-08-01,N
P-005236,Atlanta,2026-07-26,N
P-005237,Atlanta,2026-07-30,N
P-005238,Atlanta,2026-07-29,Y
P-005241,Atlanta,2026-07-19,Y
P-005245,Atlanta,2026-08-03,N
P-005246,Atlanta,2026-08-04,N
P-005247,Atlanta,2026-07-25,N
P-005248,Atlanta,2026-07-21,N
P-005250,Atlanta,2026-07-28,Y
P-005252,Atlanta,2026-07-15,Y
P-005253,Atlanta,2026-08-01,N
P-005254,Atlanta,2026-08-03,N
P-005256,Atlanta,2026-07-17,N
P-005257,Atlanta,2026-08-01,Y
P-005258,Atlanta,2026-07-22,N
P-005259,Atlanta,2026-07-30,N
P-005261,Atlanta,2026-08-04,N
P-005265,Atlanta,2026-08-01,Y
P-005266,Atlanta,2026-07-17,N
P-005269,Atlanta,2026-07-19,N
P-005270,Atlanta,2026-07-22,Y
P-005273,Atlanta,2026-07-16,N
P-005275,Atlanta,2026-07-27,N
P-005276,Atlanta,2026-07-29,Y
P-005277,Atlanta,2026-08-04,N
P-005283,Atlanta,2026-07-21,N
P-005284,Atlanta,2026-07-24,Y
P-005285,Atlanta,2026-07-31,N
P-005287,Atlanta,2026-07-31,N
P-005291,Atlanta,2026-07-20,N
P-005293,Atlanta,2026-07-29,N
P-005294,Atlanta,2026-07-23,N
P-005295,Atlanta,2026-07-29,N
P-005297,Atlanta,2026-07-20,Y
P-005298,Atlanta,2026-07-28,Y
P-005299,Atlanta,2026-07-15,Y
P-005300,Atlanta,2026-07-22,N
P-005302,Atlanta,2026-07-25,Y
P-005303,Atlanta,2026-07-17,Y
P-005306,Atlanta,2026-08-01,N
P-005307,Atlanta,2026-07-16,N
P-005308,Atlanta,2026-07-16,N
P-005309,Atlanta,2026-08-01,Y
P-005310,Atlanta,2026-08-01,Y
P-005311,Atlanta,2026-07-24,N
P-005313,Atlanta,2026-07-16,Y
P-005319,Atlanta,2026-07-30,Y
P-005321,Atlanta,2026-07-22,N
P-005323,Atlanta,2026-07-28,Y
P-005325,Atlanta,2026-08-02,N
P-005328,Atlanta,2026-07-24,Y
P-005332,Atlanta,2026-08-04,N
P-005335,Atlanta,2026-07-15,N
P-005339,Atlanta,2026-08-01,Y
P-005341,Atlanta,2026-07-23,Y
P-005343,Atlanta,2026-07-23,N
P-005345,Atlanta,2026-07-22,N
P-005346,Atlanta,2026-07-15,Y
P-005347,Atlanta,2026-07-25,N
P-005349,Atlanta,2026-07-16,N
P-005351,Atlanta,2026-07-26,Y
P-005352,Atlanta,2026-07-20,N
P-005353,Atlanta,2026-07-22,N
P-005362,Atlanta,2026-07-15,N
P-005368,Atlanta,2026-07-22,N
P-005370,Atlanta,2026-07-31,Y
P-005372,Atlanta,2026-08-02,Y
P-005374,Atlanta,2026-07-19,N
P-005375,Atlanta,2026-07-18,Y
P-005376,Atlanta,2026-07-19,N
P-005377,Atlanta,2026-07-16,N
P-005378,Atlanta,2026-07-25,N
P-005380,Atlanta,2026-08-03,N
P-005381,Atlanta,2026-08-02,Y
P-005382,Atlanta,2026-07-30,N
P-005383,Atlanta,2026-07-22,N
P-005384,Atlanta,2026-07-22,Y
P-005385,Atlanta,2026-07-28,N
P-005386,Atlanta,2026-08-02,N
P-005387,Atlanta,2026-07-18,N
P-005393,Atlanta,2026-08-03,N
P-005394,Atlanta,2026-07-22,Y
P-005395,Atlanta,2026-07-23,N
P-005396,Atlanta,2026-07-16,N
P-005400,Atlanta,2026-07-31,N
P-005401,Atlanta,2026-07-22,Y
P-005402,Atlanta,2026-08-01,N
P-005403,Atlanta,2026-07-15,Y
P-005404,Atlanta,2026-07-25,N
P-005405,Atlanta,2026-07-28,N
P-005408,Atlanta,2026-07-26,N
P-005409,Atlanta,2026-08-01,Y
P-005411,Atlanta,2026-08-03,Y
P-005414,Atlanta,2026-07-30,N
P-005415,Atlanta,2026-07-30,N
P-005416,Atlanta,2026-07-29,N
P-005418,Atlanta,2026-07-29,N
P-005419,Atlanta,2026-07-25,N
P-005420,Atlanta,2026-07-24,N
P-005425,Atlanta,2026-07-22,N
P-005428,Atlanta,2026-08-03,N
P-005429,Atlanta,2026-08-01,N
P-005432,Atlanta,2026-07-25,Y
P-005434,Atlanta,2026-07-22,Y
P-005438,Atlanta,2026-07-20,Y
P-005439,Atlanta,2026-07-25,N
P-005440,Atlanta,2026-07-25,Y
P-005442,Atlanta,2026-07-20,N
P-005443,Atlanta,2026-08-03,N
P-005446,Atlanta,2026-07-27,Y
P-005447,Atlanta,2026-08-02,Y
P-005448,Atlanta,2026-07-22,Y
P-005449,Atlanta,2026-07-15,N
P-005451,Atlanta,2026-07-31,Y
P-005457,Atlanta,2026-07-24,N
P-005458,Atlanta,2026-07-26,Y
P-005459,Atlanta,2026-07-22,N
P-005461,Atlanta,2026-08-02,Y
P-005462,Atlanta,2026-08-04,N
P-005463,Atlanta,2026-07-19,N
P-005468,Atlanta,2026-07-20,Y
P-005472,Atlanta,2026-07-31,N
P-005474,Atlanta,2026-07-27,N
P-005475,Atlanta,2026-07-25,Y
P-005478,Atlanta,2026-07-26,N
P-005480,Atlanta,2026-07-15,N
P-005481,Atlanta,2026-07-15,Y
P-005482,Atlanta,2026-07-16,Y
P-005483,Atlanta,2026-07-18,N
P-005485,Atlanta,2026-07-26,N
P-005488,Atlanta,2026-08-04,N
P-005491,Atlanta,2026-08-03,N
P-005493,Atlanta,2026-07-21,N
P-005495,Atlanta,2026-07-18,N
P-005496,Atlanta,2026-07-27,N
P-005497,Atlanta,2026-07-23,Y
P-005498,Atlanta,2026-07-18,N
P-005501,Atlanta,2026-07-22,N
P-005502,Atlanta,2026-07-28,N
P-005503,Atlanta,2026-08-01,Y
P-005505,Atlanta,2026-07-28,Y
P-005512,Atlanta,2026-07-15,N
P-005513,Atlanta,2026-07-15,N
P-005514,Atlanta,2026-08-02,N
P-005515,Atlanta,2026-07-27,N
P-005518,Atlanta,2026-08-04,N
P-005519,Atlanta,2026-07-15,Y
P-005520,Atlanta,2026-07-28,Y
P-005523,Atlanta,2026-07-21,N
P-005524,Atlanta,2026-08-03,N
P-005525,Atlanta,2026-08-03,Y
P-005526,Atlanta,2026-07-21,N
P-005528,Atlanta,2026-07-30,Y
P-005529,Atlanta,2026-07-22,Y
P-005530,Atlanta,2026-07-27,N
P-005531,Atlanta,2026-07-16,Y
P-005532,Atlanta,2026-07-23,N
P-005533,Atlanta,2026-07-24,N
P-005534,Atlanta,2026-08-02,N
P-005536,Atlanta,2026-08-01,N
P-005537,Atlanta,2026-08-03,Y
P-005538,Atlanta,2026-07-20,Y
P-005539,Atlanta,2026-07-18,Y
P-005540,Atlanta,2026-07-17,Y
P-005541,Atlanta,2026-07-27,N
P-005542,Atlanta,2026-07-24,Y
P-005543,Atlanta,2026-07-26,N
P-005545,Atlanta,2026-07-28,N
P-005546,Atlanta,2026-07-26,Y
P-005548,Atlanta,2026-07-25,N
P-005552,Atlanta,2026-08-03,N
P-005553,Atlanta,2026-07-15,N
P-005554,Atlanta,2026-07-23,Y
P-005555,Atlanta,2026-07-25,N
P-005556,Atlanta,2026-07-26,Y
P-005561,Atlanta,2026-07-30,N
P-005562,Atlanta,2026-07-16,Y
P-005565,Atlanta,2026-07-27,Y
P-005566,Atlanta,2026-07-23,N
P-005567,Atlanta,2026-07-31,N
P-005569,Atlanta,2026-07-28,Y
P-005572,Atlanta,2026-08-03,Y
P-005573,Atlanta,2026-07-31,N
P-005575,Atlanta,2026-07-24,Y
P-005576,Atlanta,2026-08-04,N
P-005577,Atlanta,2026-07-19,N
P-005578,Atlanta,2026-07-17,N
P-005579,Atlanta,2026-08-03,N
P-005580,Atlanta,2026-08-04,N
P-005585,Atlanta,2026-07-25,N
P-005587,Atlanta,2026-07-24,N
P-005589,Atlanta,2026-07-23,Y
P-005592,Atlanta,2026-07-16,Y
P-005594,Atlanta,2026-07-26,N
P-005597,Atlanta,2026-07-31,N
P-005600,Atlanta,2026-08-02,N
P-005602,Atlanta,2026-07-23,N
P-005604,Atlanta,2026-07-23,N
P-005605,Atlanta,2026-07-21,N
P-005607,Atlanta,2026-08-03,N
P-005608,Atlanta,2026-07-27,N
P-005613,Atlanta,2026-07-16,Y
P-005615,Atlanta,2026-07-24,N
P-005616,Atlanta,2026-07-18,N
P-005620,Atlanta,2026-08-02,N
P-005622,Atlanta,2026-08-02,N
P-005623,Atlanta,2026-08-02,N
P-005624,Atlanta,2026-07-18,N
P-005627,Atlanta,2026-08-03,N
P-005628,Atlanta,2026-07-28,N
P-005629,Atlanta,2026-07-24,N
P-005630,Atlanta,2026-08-01,N
P-005631,Atlanta,2026-07-16,N
P-005634,Atlanta,2026-07-20,N
P-005636,Atlanta,2026-07-16,N
P-005637,Atlanta,2026-08-02,N
P-005638,Atlanta,2026-07-24,Y
P-005639,Atlanta,2026-07-27,Y
P-005642,Atlanta,2026-08-02,N
P-005645,Atlanta,2026-07-18,N
P-005647,Atlanta,2026-08-01,Y
P-005649,Atlanta,2026-07-25,N
P-005650,Atlanta,2026-07-30,Y
P-005652,Atlanta,2026-07-29,Y
P-005654,Atlanta,2026-07-26,Y
P-005657,Atlanta,2026-07-25,Y
P-005658,Atlanta,2026-07-18,N
P-005660,Atlanta,2026-07-30,Y
P-005664,Atlanta,2026-07-21,N
P-005666,Atlanta,2026-07-27,N
P-005668,Atlanta,2026-07-25,N
P-005669,Atlanta,2026-07-17,N
P-005670,Atlanta,2026-07-28,N
P-005676,Atlanta,2026-07-28,Y
P-005678,Atlanta,2026-07-18,Y
P-005680,Atlanta,2026-07-26,N
P-005686,Atlanta,2026-07-30,Y
P-005688,Atlanta,2026-07-27,N
P-005691,Atlanta,2026-07-23,Y
P-005692,Atlanta,2026-07-17,Y
P-005693,Atlanta,2026-08-03,N
P-005697,Atlanta,2026-08-01,Y
P-005698,Atlanta,2026-07-24,Y
P-005701,Atlanta,2026-08-04,N
P-005702,Atlanta,2026-07-21,N
P-005703,Atlanta,2026-07-23,Y
P-005704,Atlanta,2026-07-22,N
P-005705,Atlanta,2026-07-19,N
P-005706,Atlanta,2026-08-01,N
P-005707,Atlanta,2026-07-22,Y
P-005708,Atlanta,2026-07-18,N
P-005710,Atlanta,2026-07-19,Y
P-005711,Atlanta,2026-07-27,N
P-005713,Atlanta,2026-07-25,N
P-005714,Atlanta,2026-07-26,Y
P-005715,Atlanta,2026-07-22,Y
P-005716,Atlanta,2026-07-22,N
P-005720,Atlanta,2026-07-28,Y
P-005721,Atlanta,2026-07-27,N
P-005722,Atlanta,2026-07-23,Y
P-005723,Atlanta,2026-08-01,Y
P-005724,Atlanta,2026-07-15,Y
P-005726,Atlanta,2026-08-03,N
P-005727,Atlanta,2026-07-16,N
P-005730,Atlanta,2026-08-03,Y
P-005731,Atlanta,2026-07-29,Y
P-005735,Atlanta,2026-07-18,N
P-005739,Atlanta,2026-07-22,Y
P-005740,Atlanta,2026-07-26,N
P-005741,Atlanta,2026-07-17,Y
P-005746,Atlanta,2026-07-21,N
P-005747,Atlanta,2026-07-30,Y
P-005748,Atlanta,2026-08-03,N
P-005750,Atlanta,2026-08-02,N
P-005754,Philadelphia,2026-07-30,N
P-005756,Philadelphia,2026-07-26,N
P-005759,Philadelphia,2026-08-01,Y
P-005760,Philadelphia,2026-07-16,N
P-005761,Philadelphia,2026-07-15,Y
P-005767,Philadelphia,2026-08-01,Y
P-005775,Philadelphia,2026-07-17,Y
P-005776,Philadelphia,2026-07-18,Y
P-005790,Philadelphia,2026-07-18,Y
P-005791,Philadelphia,2026-07-24,Y
P-005793,Philadelphia,2026-07-23,Y
P-005795,Philadelphia,2026-07-20,N
P-005803,Philadelphia,2026-07-22,N
P-005808,Philadelphia,2026-07-24,Y
P-005810,Philadelphia,2026-07-23,Y
P-005813,Philadelphia,2026-07-28,Y
P-005817,Philadelphia,2026-07-26,N
P-005818,Philadelphia,2026-07-24,Y
P-005819,Philadelphia,2026-08-01,N
P-005824,Philadelphia,2026-07-25,N
P-005825,Philadelphia,2026-08-03,N
P-005829,Philadelphia,2026-07-17,N
P-005830,Philadelphia,2026-07-27,Y
P-005832,Philadelphia,2026-07-30,Y
P-005844,Philadelphia,2026-08-04,Y
P-005846,Philadelphia,2026-07-16,Y
P-005849,Philadelphia,2026-07-16,N
P-005856,Philadelphia,2026-07-19,N
P-005857,Philadelphia,2026-07-18,Y
P-005860,Philadelphia,2026-07-20,N
P-005861,Philadelphia,2026-07-31,N
P-005865,Philadelphia,2026-07-15,Y
P-005868,Philadelphia,2026-07-20,N
P-005869,Philadelphia,2026-08-01,N
P-005872,Philadelphia,2026-07-25,N
P-005874,Philadelphia,2026-07-19,Y
P-005875,Philadelphia,2026-07-31,Y
P-005876,Philadelphia,2026-07-18,Y
P-005883,Philadelphia,2026-08-03,N
P-005885,Philadelphia,2026-08-01,N
P-005891,Philadelphia,2026-07-30,N
P-005894,Philadelphia,2026-07-21,N
P-005896,Philadelphia,2026-07-22,N
P-005903,Philadelphia,2026-07-22,N
P-005904,Philadelphia,2026-07-19,N
P-005906,Philadelphia,2026-08-02,N
P-005910,Philadelphia,2026-07-28,N
P-005918,Philadelphia,2026-08-01,Y
P-005924,Philadelphia,2026-07-31,N
P-005928,Philadelphia,2026-07-30,N
P-005930,Philadelphia,2026-08-04,N
P-005931,Philadelphia,2026-07-29,Y
P-005932,Philadelphia,2026-08-01,N
P-005941,Philadelphia,2026-07-22,N
P-005943,Philadelphia,2026-08-04,Y
P-005944,Philadelphia,2026-07-22,N
P-005945,Philadelphia,2026-07-24,N
P-005946,Philadelphia,2026-07-30,Y
P-005960,Philadelphia,2026-07-19,Y
P-005964,Philadelphia,2026-07-28,N
P-005969,Philadelphia,2026-07-30,N
P-005978,Philadelphia,2026-07-24,Y
P-005987,Philadelphia,2026-07-23,N
P-005996,Philadelphia,2026-07-16,N
P-006000,Philadelphia,2026-08-03,Y
P-006005,Philadelphia,2026-07-19,N
P-006007,Philadelphia,2026-07-20,N
P-006012,Philadelphia,2026-07-19,N
P-006020,Philadelphia,2026-07-22,N
P-006026,Philadelphia,2026-08-03,N
P-006028,Philadelphia,2026-07-26,N
P-006032,Philadelphia,2026-07-28,N
P-006048,Philadelphia,2026-07-28,N
P-006050,Philadelphia,2026-07-22,N
P-006057,Philadelphia,2026-07-19,Y
P-006069,Philadelphia,2026-07-28,N
P-006077,Philadelphia,2026-07-31,N
P-006081,Philadelphia,2026-07-30,N
P-006085,Philadelphia,2026-08-01,N
P-006095,Philadelphia,2026-07-22,N
P-006098,Philadelphia,2026-07-27,N
P-006105,Philadelphia,2026-08-04,N
P-006107,Philadelphia,2026-08-03,Y
P-006111,Philadelphia,2026-07-27,N
P-006117,Philadelphia,2026-07-15,N
P-006121,Philadelphia,2026-08-04,N
P-006126,Philadelphia,2026-07-15,Y
P-006127,Philadelphia,2026-07-19,Y
P-006145,Philadelphia,2026-07-22,N
P-006150,Philadelphia,2026-07-23,N
P-006154,Philadelphia,2026-07-17,N
P-006155,Philadelphia,2026-08-04,Y
P-006156,Philadelphia,2026-07-20,Y
P-006157,Philadelphia,2026-07-29,Y
P-006158,Philadelphia,2026-08-01,N
P-006164,Philadelphia,2026-08-03,Y
P-006168,Philadelphia,2026-08-04,N
P-006172,Philadelphia,2026-07-21,N
P-006178,Philadelphia,2026-07-26,N
P-006183,Philadelphia,2026-07-17,N
P-006184,Philadelphia,2026-07-21,Y
P-006186,Philadelphia,2026-07-17,Y
P-006193,Philadelphia,2026-07-29,N
P-006198,Philadelphia,2026-07-26,N
P-006208,Philadelphia,2026-07-17,N
P-006211,Philadelphia,2026-08-03,N
P-006226,Philadelphia,2026-08-01,Y
P-006229,Philadelphia,2026-07-26,N
P-006232,Philadelphia,2026-07-18,Y
P-006235,Philadelphia,2026-07-19,Y
P-006239,Philadelphia,2026-08-01,N
P-006248,Philadelphia,2026-07-25,N
P-006259,Philadelphia,2026-07-15,Y
P-006271,Philadelphia,2026-07-21,Y
P-006272,Philadelphia,2026-07-21,N
P-006277,Philadelphia,2026-07-31,Y
P-006289,Philadelphia,2026-08-02,Y
P-006291,Philadelphia,2026-07-21,N
P-006293,Philadelphia,2026-07-30,N
P-006320,Philadelphia,2026-07-21,N
P-006321,Philadelphia,2026-07-28,Y
P-006322,Philadelphia,2026-07-29,Y
P-006324,Philadelphia,2026-07-29,N
P-006326,Philadelphia,2026-07-23,N
P-006328,Philadelphia,2026-07-28,N
P-006330,Philadelphia,2026-07-16,N
P-006336,Philadelphia,2026-07-27,N
P-006342,Philadelphia,2026-07-26,N
P-006345,Philadelphia,2026-07-27,Y
P-006346,Philadelphia,2026-07-16,N
P-006347,Philadelphia,2026-07-20,Y
P-006350,Philadelphia,2026-08-03,N
P-006358,Philadelphia,2026-07-31,N
P-006364,Philadelphia,2026-08-02,Y
P-006365,Philadelphia,2026-07-26,N
P-006367,Philadelphia,2026-07-28,Y
P-006368,Philadelphia,2026-07-27,Y
P-006371,Philadelphia,2026-07-21,Y
P-006373,Philadelphia,2026-07-17,N
P-006374,Philadelphia,2026-07-21,N
P-006375,Philadelphia,2026-07-26,N
P-006377,Philadelphia,2026-07-18,N
P-006386,Philadelphia,2026-07-16,Y
P-006387,Philadelphia,2026-08-03,Y
P-006397,Philadelphia,2026-07-23,Y
P-006404,Philadelphia,2026-07-25,N
P-006405,Philadelphia,2026-07-26,N
P-006407,Philadelphia,2026-07-20,Y
P-006418,Philadelphia,2026-07-23,Y
P-006419,Philadelphia,2026-07-31,Y
P-006420,Philadelphia,2026-07-28,N
P-006421,Philadelphia,2026-07-26,Y
P-006430,Philadelphia,2026-07-20,N
P-006431,Philadelphia,2026-08-02,Y
P-006433,Philadelphia,2026-07-26,Y
P-006435,Philadelphia,2026-07-28,Y
P-006442,Philadelphia,2026-07-22,N
P-006449,Philadelphia,2026-07-24,N
P-006452,Philadelphia,2026-07-28,Y
P-006453,Philadelphia,2026-07-18,N
P-006459,Philadelphia,2026-07-20,N
P-006481,Philadelphia,2026-07-27,Y
P-006482,Philadelphia,2026-07-18,N
P-006483,Philadelphia,2026-07-27,N
P-006491,Philadelphia,2026-08-04,Y
P-006493,Philadelphia,2026-07-21,Y
P-006499,Philadelphia,2026-07-29,Y
P-006500,Philadelphia,2026-07-20,N
P-006505,Philadelphia,2026-07-28,N
P-006506,Philadelphia,2026-07-21,N
P-006511,Philadelphia,2026-07-31,N
P-006515,Philadelphia,2026-07-30,Y
P-006524,Philadelphia,2026-08-02,N
P-006525,Philadelphia,2026-07-29,N
P-006531,Philadelphia,2026-07-16,Y
P-006533,Philadelphia,2026-07-19,Y
P-006543,Philadelphia,2026-07-24,N
P-006550,Philadelphia,2026-07-15,N
P-006551,Philadelphia,2026-07-15,Y
P-006562,Philadelphia,2026-07-29,Y
P-006563,Philadelphia,2026-07-22,N
P-006565,Philadelphia,2026-07-28,Y
P-006568,Philadelphia,2026-07-18,Y
P-006570,Philadelphia,2026-07-29,Y
P-006575,Philadelphia,2026-07-22,N
P-006577,Philadelphia,2026-07-29,N
P-006585,Philadelphia,2026-08-04,Y
P-006587,Philadelphia,2026-08-04,Y
P-006592,Philadelphia,2026-07-24,Y
P-006604,Philadelphia,2026-07-16,N
P-006605,Philadelphia,2026-08-03,N
P-006625,Philadelphia,2026-07-15,Y
P-006633,Philadelphia,2026-07-29,Y
P-006636,Philadelphia,2026-07-30,N
P-006638,Philadelphia,2026-07-24,N
P-006641,Philadelphia,2026-07-27,Y
P-006644,Philadelphia,2026-07-24,N
P-006650,Philadelphia,2026-07-29,N
P-006659,Philadelphia,2026-07-28,N
P-006666,Philadelphia,2026-07-16,Y
P-006668,Philadelphia,2026-07-28,N
P-006670,Philadelphia,2026-07-19,N
P-006682,Philadelphia,2026-08-03,N
P-006686,Philadelphia,2026-07-20,Y
P-006687,Philadelphia,2026-07-28,N
P-006696,Philadelphia,2026-07-31,Y
P-006698,Philadelphia,2026-07-17,Y
P-006699,Philadelphia,2026-08-02,N
