order_id,customer_id,segment,channel,order_date,order_amount,paid_amount,paid_date
KR-00001,C-0316,Student,web,2026-04-20,520,520,2026-04-22
KR-00001,C-0316,Student,web,2026-04-20,520,520,2026-04-22
KR-00002,C-0323,Student,app,2026-05-19,800,800,2026-05-21
KR-00002,C-0323,Student,app,2026-05-19,800,800,2026-05-21
KR-00003,C-0322,Student,store,2026-06-08,800,800,2026-06-10
KR-00003,C-0322,Student,store,2026-06-08,800,800,2026-06-10
KR-00004,C-0325,Student,app,2026-04-24,1310,1310,2026-04-26
KR-00005,C-0333,Student,app,2026-05-27,1380,1380,2026-05-28
KR-00006,C-0323,Student,app,2026-06-25,970,970,2026-06-27
KR-00007,C-0315,Student,store,2026-04-03,1310,1310,2026-04-05
KR-00008,C-0331,Student,app,2026-05-18,1070,1070,2026-05-20
KR-00009,C-0335,Student,app,2026-06-20,900,900,2026-06-22
KR-00009,C-0335,Student,app,2026-06-20,900,900,2026-06-22
KR-00010,C-0333,Student,web,2026-04-27,1450,1450,2026-04-28
KR-00011,C-0315,Student,app,2026-05-20,1050,1050,2026-05-22
KR-00012,C-0323,Student,web,2026-06-12,1480,1480,2026-06-14
KR-00013,C-0337,Student,app,2026-04-09,710,710,2026-04-11
KR-00013,C-0337,Student,app,2026-04-09,710,710,2026-04-11
KR-00014,C-0315,Student,web,2026-05-11,1080,1080,2026-05-13
KR-00015,C-0338,Student,web,2026-06-06,660,660,2026-06-08
KR-00015,C-0338,Student,web,2026-06-06,660,660,2026-06-08
KR-00016,C-0338,Student,store,2026-04-26,610,610,2026-04-28
KR-00016,C-0338,Student,store,2026-04-26,610,610,2026-04-28
KR-00017,C-0329,Student,store,2026-05-28,860,860,2026-05-28
KR-00017,C-0329,Student,store,2026-05-28,860,860,2026-05-28
KR-00018,C-0313,Student,app,2026-06-05,940,940,2026-06-07
KR-00019,C-0312,Student,store,2026-04-25,530,530,2026-04-27
KR-00019,C-0312,Student,store,2026-04-25,530,530,2026-04-27
KR-00020,C-0316,Student,store,2026-05-15,470,470,2026-05-17
KR-00020,C-0316,Student,store,2026-05-15,470,470,2026-05-17
KR-00021,C-0328,Student,app,2026-06-03,1050,1050,2026-06-05
KR-00022,C-0333,Student,app,2026-04-16,900,900,2026-04-18
KR-00022,C-0333,Student,app,2026-04-16,900,900,2026-04-18
KR-00023,C-0338,Student,app,2026-05-17,1470,1470,2026-05-19
KR-00024,C-0325,Student,store,2026-06-01,1070,1070,2026-06-03
KR-00025,C-0326,Student,store,2026-04-01,1420,1420,2026-04-03
KR-00026,C-0328,Student,web,2026-05-26,1040,1040,2026-05-28
KR-00027,C-0316,Student,store,2026-06-20,870,870,2026-06-22
KR-00027,C-0316,Student,store,2026-06-20,870,870,2026-06-22
KR-00028,C-0283,Business,web,2026-04-02,635000,381000,2026-04-04
KR-00028,C-0283,Business,web,2026-04-02,635000,254000,2026-04-04
KR-00029,C-0277,Business,store,2026-05-22,1140000,684000,2026-05-24
KR-00029,C-0277,Business,store,2026-05-22,1140000,456000,2026-05-24
KR-00030,C-0287,Business,store,2026-06-08,212000,127200,2026-06-10
KR-00030,C-0287,Business,store,2026-06-08,212000,84800,2026-06-10
KR-00031,C-0283,Business,web,2026-04-13,1647000,988200,2026-04-15
KR-00031,C-0283,Business,web,2026-04-13,1647000,658800,2026-04-15
KR-00032,C-0290,Business,app,2026-05-20,1661000,996600,2026-05-22
KR-00032,C-0290,Business,app,2026-05-20,1661000,664400,2026-05-22
KR-00033,C-0271,Business,app,2026-06-08,866000,519600,2026-06-10
KR-00033,C-0271,Business,app,2026-06-08,866000,346400,2026-06-10
KR-00034,C-0272,Business,app,2026-04-22,869000,521400,2026-04-24
KR-00034,C-0272,Business,app,2026-04-22,869000,347600,2026-04-24
KR-00035,C-0273,Business,web,2026-05-02,1197000,718200,2026-05-04
KR-00035,C-0273,Business,web,2026-05-02,1197000,478800,2026-05-04
KR-00036,C-0282,Business,web,2026-06-26,1046000,627600,2026-06-28
KR-00036,C-0282,Business,web,2026-06-26,1046000,418400,2026-06-28
KR-00037,C-0304,Business,app,2026-04-11,1153000,691800,2026-04-13
KR-00037,C-0304,Business,app,2026-04-11,1153000,461200,2026-04-13
KR-00038,C-0283,Business,app,2026-05-10,715000,429000,2026-05-12
KR-00038,C-0283,Business,app,2026-05-10,715000,286000,2026-05-12
KR-00039,C-0280,Business,app,2026-06-23,881000,528600,2026-06-25
KR-00039,C-0280,Business,app,2026-06-23,881000,352400,2026-06-25
KR-00040,C-0310,Business,web,2026-04-11,379000,227400,2026-04-13
KR-00040,C-0310,Business,web,2026-04-11,379000,151600,2026-04-13
KR-00041,C-0299,Business,store,2026-05-27,1282000,769200,2026-05-28
KR-00041,C-0299,Business,store,2026-05-27,1282000,512800,2026-05-28
KR-00042,C-0278,Business,app,2026-06-04,1566000,939600,2026-06-06
KR-00042,C-0278,Business,app,2026-06-04,1566000,626400,2026-06-06
KR-00043,C-0279,Business,app,2026-04-18,1245000,747000,2026-04-20
KR-00043,C-0279,Business,app,2026-04-18,1245000,498000,2026-04-20
KR-00044,C-0303,Business,app,2026-05-18,963000,577800,2026-05-20
KR-00044,C-0303,Business,app,2026-05-18,963000,385200,2026-05-20
KR-00045,C-0306,Business,app,2026-06-07,1645000,987000,2026-06-09
KR-00045,C-0306,Business,app,2026-06-07,1645000,658000,2026-06-09
KR-00046,C-0283,Business,app,2026-04-15,1625000,975000,2026-04-17
KR-00046,C-0283,Business,app,2026-04-15,1625000,650000,2026-04-17
KR-00047,C-0274,Business,store,2026-05-07,363000,217800,2026-05-09
KR-00047,C-0274,Business,store,2026-05-07,363000,145200,2026-05-09
KR-00048,C-0275,Business,web,2026-06-28,214000,128400,2026-06-28
KR-00048,C-0275,Business,web,2026-06-28,214000,85600,2026-06-28
KR-00049,C-0284,Business,store,2026-04-19,1023000,613800,2026-04-21
KR-00049,C-0284,Business,store,2026-04-19,1023000,409200,2026-04-21
KR-00050,C-0291,Business,web,2026-05-02,1118000,670800,2026-05-04
KR-00050,C-0291,Business,web,2026-05-02,1118000,447200,2026-05-04
KR-00051,C-0296,Business,web,2026-06-21,1648000,988800,2026-06-23
KR-00051,C-0296,Business,web,2026-06-21,1648000,659200,2026-06-23
KR-00052,C-0288,Business,store,2026-04-21,1478000,886800,2026-04-23
KR-00052,C-0288,Business,store,2026-04-21,1478000,591200,2026-04-23
KR-00053,C-0276,Business,web,2026-05-06,715000,429000,2026-05-08
KR-00053,C-0276,Business,web,2026-05-06,715000,286000,2026-05-08
KR-00054,C-0308,Business,store,2026-06-19,1367000,820200,2026-06-21
KR-00054,C-0308,Business,store,2026-06-19,1367000,546800,2026-06-21
KR-00055,C-0276,Business,store,2026-04-27,1407000,844200,2026-04-28
KR-00055,C-0276,Business,store,2026-04-27,1407000,562800,2026-04-28
KR-00056,C-0286,Business,web,2026-05-03,678000,406800,2026-05-05
KR-00056,C-0286,Business,web,2026-05-03,678000,271200,2026-05-05
KR-00057,C-0296,Business,app,2026-06-18,247000,148200,2026-06-20
KR-00057,C-0296,Business,app,2026-06-18,247000,98800,2026-06-20
KR-00058,C-0282,Business,app,2026-04-06,522000,313200,2026-04-08
KR-00058,C-0282,Business,app,2026-04-06,522000,208800,2026-04-08
KR-00059,C-0280,Business,app,2026-05-11,1752000,1051200,2026-05-13
KR-00059,C-0280,Business,app,2026-05-11,1752000,700800,2026-05-13
KR-00060,C-0307,Business,web,2026-06-05,291000,174600,2026-06-07
KR-00060,C-0307,Business,web,2026-06-05,291000,116400,2026-06-07
KR-00061,C-0273,Business,store,2026-04-28,1090000,654000,2026-04-28
KR-00061,C-0273,Business,store,2026-04-28,1090000,436000,2026-04-28
KR-00062,C-0285,Business,app,2026-05-07,940000,564000,2026-05-09
KR-00062,C-0285,Business,app,2026-05-07,940000,376000,2026-05-09
KR-00063,C-0290,Business,web,2026-06-16,262000,157200,2026-06-18
KR-00063,C-0290,Business,web,2026-06-16,262000,104800,2026-06-18
KR-00064,C-0290,Business,store,2026-04-05,624000,374400,2026-04-07
KR-00064,C-0290,Business,store,2026-04-05,624000,249600,2026-04-07
KR-00065,C-0280,Business,app,2026-05-22,689000,413400,2026-05-24
KR-00065,C-0280,Business,app,2026-05-22,689000,275600,2026-05-24
KR-00066,C-0295,Business,store,2026-06-06,255000,153000,2026-06-08
KR-00066,C-0295,Business,store,2026-06-06,255000,102000,2026-06-08
KR-00067,C-0274,Business,store,2026-04-09,436000,261600,2026-04-11
KR-00067,C-0274,Business,store,2026-04-09,436000,174400,2026-04-11
KR-00068,C-0273,Business,app,2026-05-20,644000,386400,2026-05-22
KR-00068,C-0273,Business,app,2026-05-20,644000,257600,2026-05-22
KR-00069,C-0302,Business,store,2026-06-12,1182000,709200,2026-06-14
KR-00069,C-0302,Business,store,2026-06-12,1182000,472800,2026-06-14
KR-00070,C-0307,Business,store,2026-04-14,209000,125400,2026-04-16
KR-00070,C-0307,Business,store,2026-04-14,209000,83600,2026-04-16
KR-00071,C-0275,Business,store,2026-05-23,1609000,965400,2026-05-25
KR-00071,C-0275,Business,store,2026-05-23,1609000,643600,2026-05-25
KR-00072,C-0283,Business,web,2026-06-13,1408000,844800,2026-06-15
KR-00072,C-0283,Business,web,2026-06-13,1408000,563200,2026-06-15
KR-00073,C-0276,Business,web,2026-04-15,1442000,865200,2026-04-17
KR-00073,C-0276,Business,web,2026-04-15,1442000,576800,2026-04-17
KR-00074,C-0281,Business,web,2026-05-13,1000000,600000,2026-05-15
KR-00074,C-0281,Business,web,2026-05-13,1000000,400000,2026-05-15
KR-00075,C-0281,Business,web,2026-06-10,692000,415200,2026-06-12
KR-00075,C-0281,Business,web,2026-06-10,692000,276800,2026-06-12
KR-00076,C-0272,Business,store,2026-04-20,1149000,689400,2026-04-22
KR-00076,C-0272,Business,store,2026-04-20,1149000,459600,2026-04-22
KR-00077,C-0279,Business,app,2026-05-08,536000,321600,2026-05-10
KR-00077,C-0279,Business,app,2026-05-08,536000,214400,2026-05-10
KR-00078,C-0294,Business,web,2026-06-13,1068000,640800,2026-06-15
KR-00078,C-0294,Business,web,2026-06-13,1068000,427200,2026-06-15
KR-00079,C-0277,Business,app,2026-04-08,983000,589800,2026-04-10
KR-00079,C-0277,Business,app,2026-04-08,983000,393200,2026-04-10
KR-00080,C-0307,Business,web,2026-05-22,518000,310800,2026-05-24
KR-00080,C-0307,Business,web,2026-05-22,518000,207200,2026-05-24
KR-00081,C-0281,Business,web,2026-06-08,804000,482400,2026-06-10
KR-00081,C-0281,Business,web,2026-06-08,804000,321600,2026-06-10
KR-00082,C-0292,Business,store,2026-04-27,316000,189600,2026-04-28
KR-00082,C-0292,Business,store,2026-04-27,316000,126400,2026-04-28
KR-00083,C-0282,Business,web,2026-05-06,691000,414600,2026-05-08
KR-00083,C-0282,Business,web,2026-05-06,691000,276400,2026-05-08
KR-00084,C-0272,Business,web,2026-06-17,1615000,969000,2026-06-19
KR-00084,C-0272,Business,web,2026-06-17,1615000,646000,2026-06-19
KR-00085,C-0305,Business,web,2026-04-07,209000,125400,2026-04-09
KR-00085,C-0305,Business,web,2026-04-07,209000,83600,2026-04-09
KR-00086,C-0276,Business,app,2026-05-11,356000,213600,2026-05-13
KR-00086,C-0276,Business,app,2026-05-11,356000,142400,2026-05-13
KR-00087,C-0290,Business,web,2026-06-09,1565000,939000,2026-06-11
KR-00087,C-0290,Business,web,2026-06-09,1565000,626000,2026-06-11
KR-00088,C-0283,Business,web,2026-04-10,700000,420000,2026-04-12
KR-00088,C-0283,Business,web,2026-04-10,700000,280000,2026-04-12
KR-00089,C-0283,Business,app,2026-05-15,1029000,617400,2026-05-17
KR-00089,C-0283,Business,app,2026-05-15,1029000,411600,2026-05-17
KR-00090,C-0294,Business,web,2026-06-03,380000,228000,2026-06-05
KR-00090,C-0294,Business,web,2026-06-03,380000,152000,2026-06-05
KR-00091,C-0296,Business,web,2026-04-07,425000,255000,2026-04-09
KR-00091,C-0296,Business,web,2026-04-07,425000,170000,2026-04-09
KR-00092,C-0294,Business,app,2026-05-13,490000,294000,2026-05-15
KR-00092,C-0294,Business,app,2026-05-13,490000,196000,2026-05-15
KR-00093,C-0271,Business,web,2026-06-08,1671000,1002600,2026-06-10
KR-00093,C-0271,Business,web,2026-06-08,1671000,668400,2026-06-10
KR-00094,C-0273,Business,app,2026-04-12,1696000,1017600,2026-04-14
KR-00094,C-0273,Business,app,2026-04-12,1696000,678400,2026-04-14
KR-00095,C-0306,Business,store,2026-05-15,484000,290400,2026-05-17
KR-00095,C-0306,Business,store,2026-05-15,484000,193600,2026-05-17
KR-00096,C-0285,Business,web,2026-06-25,1481000,888600,2026-06-27
KR-00096,C-0285,Business,web,2026-06-25,1481000,592400,2026-06-27
KR-00097,C-0308,Business,app,2026-04-04,438000,262800,2026-04-06
KR-00097,C-0308,Business,app,2026-04-04,438000,175200,2026-04-06
KR-00098,C-0283,Business,web,2026-05-09,360000,216000,2026-05-11
KR-00098,C-0283,Business,web,2026-05-09,360000,144000,2026-05-11
KR-00099,C-0302,Business,web,2026-06-23,567000,340200,2026-06-25
KR-00099,C-0302,Business,web,2026-06-23,567000,226800,2026-06-25
KR-00100,C-0282,Business,web,2026-04-12,400000,240000,2026-04-14
KR-00100,C-0282,Business,web,2026-04-12,400000,160000,2026-04-14
KR-00101,C-0276,Business,store,2026-05-17,283000,169800,2026-05-19
KR-00101,C-0276,Business,store,2026-05-17,283000,113200,2026-05-19
KR-00102,C-0279,Business,store,2026-06-01,553000,331800,2026-06-03
KR-00102,C-0279,Business,store,2026-06-01,553000,221200,2026-06-03
KR-00103,C-0298,Business,store,2026-04-01,880000,528000,2026-04-03
KR-00103,C-0298,Business,store,2026-04-01,880000,352000,2026-04-03
KR-00104,C-0279,Business,web,2026-05-22,1127000,676200,2026-05-24
KR-00104,C-0279,Business,web,2026-05-22,1127000,450800,2026-05-24
KR-00105,C-0300,Business,app,2026-06-02,1720000,1032000,2026-06-04
KR-00105,C-0300,Business,app,2026-06-02,1720000,688000,2026-06-04
KR-00106,C-0282,Business,store,2026-04-05,323000,193800,2026-04-07
KR-00106,C-0282,Business,store,2026-04-05,323000,129200,2026-04-07
KR-00107,C-0296,Business,web,2026-05-16,1526000,915600,2026-05-18
KR-00107,C-0296,Business,web,2026-05-16,1526000,610400,2026-05-18
KR-00108,C-0275,Business,store,2026-06-13,1622000,973200,2026-06-15
KR-00108,C-0275,Business,store,2026-06-13,1622000,648800,2026-06-15
KR-00109,C-0271,Business,web,2026-04-24,636000,381600,2026-04-26
KR-00109,C-0271,Business,web,2026-04-24,636000,254400,2026-04-26
KR-00110,C-0283,Business,web,2026-05-16,366000,219600,2026-05-18
KR-00110,C-0283,Business,web,2026-05-16,366000,146400,2026-05-18
KR-00111,C-0276,Business,app,2026-06-07,1011000,606600,2026-06-09
KR-00111,C-0276,Business,app,2026-06-07,1011000,404400,2026-06-09
KR-00112,C-0282,Business,web,2026-04-04,320000,192000,2026-04-06
KR-00112,C-0282,Business,web,2026-04-04,320000,128000,2026-04-06
KR-00113,C-0295,Business,web,2026-05-09,1485000,891000,2026-05-11
KR-00113,C-0295,Business,web,2026-05-09,1485000,594000,2026-05-11
KR-00114,C-0289,Business,app,2026-06-10,1174000,704400,2026-06-12
KR-00114,C-0289,Business,app,2026-06-10,1174000,469600,2026-06-12
KR-00115,C-0286,Business,app,2026-04-06,768000,460800,2026-04-08
KR-00115,C-0286,Business,app,2026-04-06,768000,307200,2026-04-08
KR-00116,C-0280,Business,web,2026-05-05,634000,380400,2026-05-07
KR-00116,C-0280,Business,web,2026-05-05,634000,253600,2026-05-07
KR-00117,C-0287,Business,web,2026-06-07,494000,296400,2026-06-09
KR-00117,C-0287,Business,web,2026-06-07,494000,197600,2026-06-09
KR-00118,C-0299,Business,web,2026-04-04,1367000,820200,2026-04-06
KR-00118,C-0299,Business,web,2026-04-04,1367000,546800,2026-04-06
KR-00119,C-0282,Business,store,2026-05-21,346000,207600,2026-05-23
KR-00119,C-0282,Business,store,2026-05-21,346000,138400,2026-05-23
KR-00120,C-0282,Business,app,2026-06-28,518000,310800,2026-06-28
KR-00120,C-0282,Business,app,2026-06-28,518000,207200,2026-06-28
KR-00121,C-0273,Business,web,2026-04-23,1799000,1079400,2026-04-25
KR-00121,C-0273,Business,web,2026-04-23,1799000,719600,2026-04-25
KR-00122,C-0274,Business,web,2026-05-02,1023000,613800,2026-05-04
KR-00122,C-0274,Business,web,2026-05-02,1023000,409200,2026-05-04
KR-00123,C-0271,Business,app,2026-06-12,799000,479400,2026-06-14
KR-00123,C-0271,Business,app,2026-06-12,799000,319600,2026-06-14
KR-00124,C-0291,Business,app,2026-04-28,12277440,7366464,2026-04-28
KR-00124,C-0291,Business,app,2026-04-28,12277440,4910976,2026-04-28
KR-00125,C-0161,Retail-Plus,store,2026-04-12,3520,2112,2026-04-14
KR-00125,C-0161,Retail-Plus,store,2026-04-12,3520,1408,2026-04-14
KR-00126,C-0237,Retail-Plus,store,2026-05-07,1860,1860,2026-05-09
KR-00127,C-0166,Retail-Plus,store,2026-06-12,1520,1520,2026-06-14
KR-00128,C-0247,Retail-Plus,store,2026-04-21,2600,2600,2026-04-23
KR-00129,C-0164,Retail-Plus,web,2026-05-16,3920,2352,2026-05-18
KR-00129,C-0164,Retail-Plus,web,2026-05-16,3920,1568,2026-05-18
KR-00130,C-0151,Retail-Plus,app,2026-06-09,2200,2200,2026-06-11
KR-00131,C-0260,Retail-Plus,app,2026-04-21,4450,2670,2026-04-23
KR-00131,C-0260,Retail-Plus,app,2026-04-21,4450,1780,2026-04-23
KR-00132,C-0185,Retail-Plus,store,2026-05-11,3040,1824,2026-05-13
KR-00132,C-0185,Retail-Plus,store,2026-05-11,3040,1216,2026-05-13
KR-00133,C-0190,Retail-Plus,app,2026-06-27,2840,1704,2026-06-28
KR-00133,C-0190,Retail-Plus,app,2026-06-27,2840,1136,2026-06-28
KR-00134,C-0188,Retail-Plus,store,2026-04-02,3980,2388,2026-04-04
KR-00134,C-0188,Retail-Plus,store,2026-04-02,3980,1592,2026-04-04
KR-00135,C-0171,Retail-Plus,app,2026-05-24,2210,2210,2026-05-26
KR-00136,C-0265,Retail-Plus,app,2026-06-06,3110,1866,2026-06-08
KR-00136,C-0265,Retail-Plus,app,2026-06-06,3110,1244,2026-06-08
KR-00137,C-0158,Retail-Plus,store,2026-04-21,1610,1610,2026-04-23
KR-00138,C-0173,Retail-Plus,web,2026-05-10,3410,2046,2026-05-12
KR-00138,C-0173,Retail-Plus,web,2026-05-10,3410,1364,2026-05-12
KR-00139,C-0260,Retail-Plus,store,2026-06-27,3870,2322,2026-06-28
KR-00139,C-0260,Retail-Plus,store,2026-06-27,3870,1548,2026-06-28
KR-00140,C-0154,Retail-Plus,app,2026-04-22,3130,1878,2026-04-24
KR-00140,C-0154,Retail-Plus,app,2026-04-22,3130,1252,2026-04-24
KR-00141,C-0265,Retail-Plus,store,2026-05-22,2540,2540,2026-05-24
KR-00142,C-0234,Retail-Plus,store,2026-06-23,3280,1968,2026-06-25
KR-00142,C-0234,Retail-Plus,store,2026-06-23,3280,1312,2026-06-25
KR-00143,C-0261,Retail-Plus,app,2026-04-25,1720,1720,2026-04-27
KR-00144,C-0176,Retail-Plus,app,2026-05-25,1310,1310,2026-05-27
KR-00145,C-0167,Retail-Plus,web,2026-06-19,2220,2220,2026-06-21
KR-00146,C-0204,Retail-Plus,app,2026-04-20,1430,1430,2026-04-22
KR-00147,C-0173,Retail-Plus,web,2026-05-08,3520,2112,2026-05-10
KR-00147,C-0173,Retail-Plus,web,2026-05-08,3520,1408,2026-05-10
KR-00148,C-0176,Retail-Plus,store,2026-06-14,1420,1420,2026-06-16
KR-00149,C-0229,Retail-Plus,store,2026-04-01,3680,2208,2026-04-03
KR-00149,C-0229,Retail-Plus,store,2026-04-01,3680,1472,2026-04-03
KR-00150,C-0247,Retail-Plus,store,2026-05-24,3840,2304,2026-05-26
KR-00150,C-0247,Retail-Plus,store,2026-05-24,3840,1536,2026-05-26
KR-00151,C-0185,Retail-Plus,app,2026-06-10,2690,2690,2026-06-12
KR-00152,C-0187,Retail-Plus,app,2026-04-26,2230,2230,2026-04-28
KR-00153,C-0201,Retail-Plus,store,2026-05-03,3840,2304,2026-05-05
KR-00153,C-0201,Retail-Plus,store,2026-05-03,3840,1536,2026-05-05
KR-00154,C-0250,Retail-Plus,web,2026-06-02,2560,2560,2026-06-04
KR-00155,C-0230,Retail-Plus,web,2026-04-22,3190,1914,2026-04-24
KR-00155,C-0230,Retail-Plus,web,2026-04-22,3190,1276,2026-04-24
KR-00156,C-0225,Retail-Plus,store,2026-05-11,1970,1970,2026-05-13
KR-00157,C-0174,Retail-Plus,store,2026-06-15,2740,2740,2026-06-17
KR-00158,C-0257,Retail-Plus,web,2026-04-15,3310,1986,2026-04-17
KR-00158,C-0257,Retail-Plus,web,2026-04-15,3310,1324,2026-04-17
KR-00159,C-0164,Retail-Plus,store,2026-05-07,3230,1938,2026-05-09
KR-00159,C-0164,Retail-Plus,store,2026-05-07,3230,1292,2026-05-09
KR-00160,C-0242,Retail-Plus,store,2026-06-24,4220,2532,2026-06-26
KR-00160,C-0242,Retail-Plus,store,2026-06-24,4220,1688,2026-06-26
KR-00161,C-0197,Retail-Plus,store,2026-04-26,1690,1690,2026-04-28
KR-00162,C-0187,Retail-Plus,app,2026-05-27,1960,1960,2026-05-28
KR-00163,C-0169,Retail-Plus,app,2026-06-19,1810,1810,2026-06-21
KR-00164,C-0211,Retail-Plus,web,2026-04-18,1220,1220,2026-04-20
KR-00165,C-0208,Retail-Plus,store,2026-05-09,1720,1720,2026-05-11
KR-00166,C-0234,Retail-Plus,web,2026-06-03,2120,2120,2026-06-05
KR-00167,C-0268,Retail-Plus,store,2026-04-28,2100,2100,2026-04-28
KR-00168,C-0227,Retail-Plus,web,2026-05-24,4330,2598,2026-05-26
KR-00168,C-0227,Retail-Plus,web,2026-05-24,4330,1732,2026-05-26
KR-00169,C-0208,Retail-Plus,store,2026-06-05,2830,1698,2026-06-07
KR-00169,C-0208,Retail-Plus,store,2026-06-05,2830,1132,2026-06-07
KR-00170,C-0184,Retail-Plus,app,2026-04-07,1840,1840,2026-04-09
KR-00171,C-0185,Retail-Plus,app,2026-05-03,1660,1660,2026-05-05
KR-00172,C-0194,Retail-Plus,store,2026-06-01,4500,2700,2026-06-03
KR-00172,C-0194,Retail-Plus,store,2026-06-01,4500,1800,2026-06-03
KR-00173,C-0186,Retail-Plus,app,2026-04-17,2460,2460,2026-04-19
KR-00174,C-0216,Retail-Plus,store,2026-05-04,3960,2376,2026-05-06
KR-00174,C-0216,Retail-Plus,store,2026-05-04,3960,1584,2026-05-06
KR-00175,C-0245,Retail-Plus,web,2026-06-27,2760,2760,2026-06-28
KR-00176,C-0266,Retail-Plus,store,2026-04-20,1340,1340,2026-04-22
KR-00177,C-0175,Retail-Plus,app,2026-05-17,3640,2184,2026-05-19
KR-00177,C-0175,Retail-Plus,app,2026-05-17,3640,1456,2026-05-19
KR-00178,C-0179,Retail-Plus,app,2026-06-12,1360,1360,2026-06-14
KR-00179,C-0172,Retail-Plus,web,2026-04-22,3730,2238,2026-04-24
KR-00179,C-0172,Retail-Plus,web,2026-04-22,3730,1492,2026-04-24
KR-00180,C-0266,Retail-Plus,store,2026-05-13,2370,2370,2026-05-15
KR-00181,C-0242,Retail-Plus,app,2026-06-26,3790,2274,2026-06-28
KR-00181,C-0242,Retail-Plus,app,2026-06-26,3790,1516,2026-06-28
KR-00182,C-0210,Retail-Plus,app,2026-04-08,1460,1460,2026-04-10
KR-00183,C-0152,Retail-Plus,app,2026-05-03,3170,1902,2026-05-05
KR-00183,C-0152,Retail-Plus,app,2026-05-03,3170,1268,2026-05-05
KR-00184,C-0250,Retail-Plus,web,2026-06-18,1230,1230,2026-06-20
KR-00185,C-0218,Retail-Plus,app,2026-04-12,1320,1320,2026-04-14
KR-00186,C-0177,Retail-Plus,store,2026-05-12,3320,1992,2026-05-14
KR-00186,C-0177,Retail-Plus,store,2026-05-12,3320,1328,2026-05-14
KR-00187,C-0251,Retail-Plus,web,2026-06-19,4300,2580,2026-06-21
KR-00187,C-0251,Retail-Plus,web,2026-06-19,4300,1720,2026-06-21
KR-00188,C-0223,Retail-Plus,app,2026-04-08,3450,2070,2026-04-10
KR-00188,C-0223,Retail-Plus,app,2026-04-08,3450,1380,2026-04-10
KR-00189,C-0173,Retail-Plus,app,2026-05-26,2390,2390,2026-05-28
KR-00190,C-0191,Retail-Plus,web,2026-06-16,3740,2244,2026-06-18
KR-00190,C-0191,Retail-Plus,web,2026-06-16,3740,1496,2026-06-18
KR-00191,C-0257,Retail-Plus,app,2026-04-13,1320,1320,2026-04-15
KR-00192,C-0184,Retail-Plus,app,2026-05-19,1900,1900,2026-05-21
KR-00193,C-0247,Retail-Plus,web,2026-06-28,1450,1450,2026-06-28
KR-00194,C-0159,Retail-Plus,store,2026-04-25,1230,1230,2026-04-27
KR-00195,C-0177,Retail-Plus,store,2026-05-27,4000,2400,2026-05-28
KR-00195,C-0177,Retail-Plus,store,2026-05-27,4000,1600,2026-05-28
KR-00196,C-0151,Retail-Plus,store,2026-06-16,4090,2454,2026-06-18
KR-00196,C-0151,Retail-Plus,store,2026-06-16,4090,1636,2026-06-18
KR-00197,C-0191,Retail-Plus,web,2026-04-04,3650,2190,2026-04-06
KR-00197,C-0191,Retail-Plus,web,2026-04-04,3650,1460,2026-04-06
KR-00198,C-0165,Retail-Plus,app,2026-05-27,1640,1640,2026-05-28
KR-00199,C-0239,Retail-Plus,app,2026-06-02,1820,1820,2026-06-04
KR-00200,C-0266,Retail-Plus,app,2026-04-26,1250,1250,2026-04-28
KR-00201,C-0234,Retail-Plus,app,2026-05-20,2510,2510,2026-05-22
KR-00202,C-0156,Retail-Plus,app,2026-06-18,3370,2022,2026-06-20
KR-00202,C-0156,Retail-Plus,app,2026-06-18,3370,1348,2026-06-20
KR-00203,C-0177,Retail-Plus,web,2026-04-26,2660,2660,2026-04-28
KR-00204,C-0254,Retail-Plus,app,2026-05-09,2530,2530,2026-05-11
KR-00205,C-0152,Retail-Plus,store,2026-06-12,3650,2190,2026-06-14
KR-00205,C-0152,Retail-Plus,store,2026-06-12,3650,1460,2026-06-14
KR-00206,C-0173,Retail-Plus,web,2026-04-03,3860,2316,2026-04-05
KR-00206,C-0173,Retail-Plus,web,2026-04-03,3860,1544,2026-04-05
KR-00207,C-0187,Retail-Plus,web,2026-05-24,1300,1300,2026-05-26
KR-00208,C-0219,Retail-Plus,app,2026-06-08,1550,1550,2026-06-10
KR-00209,C-0232,Retail-Plus,store,2026-04-15,2690,2690,2026-04-17
KR-00210,C-0239,Retail-Plus,store,2026-05-26,1610,1610,2026-05-28
KR-00211,C-0254,Retail-Plus,web,2026-06-16,1620,1620,2026-06-18
KR-00212,C-0180,Retail-Plus,store,2026-04-16,4100,2460,2026-04-18
KR-00212,C-0180,Retail-Plus,store,2026-04-16,4100,1640,2026-04-18
KR-00213,C-0165,Retail-Plus,web,2026-05-10,2040,2040,2026-05-12
KR-00214,C-0160,Retail-Plus,web,2026-06-07,2770,2770,2026-06-09
KR-00215,C-0153,Retail-Plus,store,2026-04-27,4300,2580,2026-04-28
KR-00215,C-0153,Retail-Plus,store,2026-04-27,4300,1720,2026-04-28
KR-00216,C-0210,Retail-Plus,web,2026-05-16,2350,2350,2026-05-18
KR-00217,C-0222,Retail-Plus,web,2026-06-18,1920,1920,2026-06-20
KR-00218,C-0235,Retail-Plus,app,2026-04-13,3270,1962,2026-04-15
KR-00218,C-0235,Retail-Plus,app,2026-04-13,3270,1308,2026-04-15
KR-00219,C-0179,Retail-Plus,store,2026-05-28,2870,1722,2026-05-28
KR-00219,C-0179,Retail-Plus,store,2026-05-28,2870,1148,2026-05-28
KR-00220,C-0219,Retail-Plus,app,2026-06-05,3760,2256,2026-06-07
KR-00220,C-0219,Retail-Plus,app,2026-06-05,3760,1504,2026-06-07
KR-00221,C-0230,Retail-Plus,web,2026-04-19,2730,2730,2026-04-21
KR-00222,C-0177,Retail-Plus,store,2026-05-18,3640,2184,2026-05-20
KR-00222,C-0177,Retail-Plus,store,2026-05-18,3640,1456,2026-05-20
KR-00223,C-0194,Retail-Plus,store,2026-06-10,4080,2448,2026-06-12
KR-00223,C-0194,Retail-Plus,store,2026-06-10,4080,1632,2026-06-12
KR-00224,C-0265,Retail-Plus,store,2026-04-25,2070,2070,2026-04-27
KR-00225,C-0177,Retail-Plus,web,2026-05-06,1540,1540,2026-05-08
KR-00226,C-0178,Retail-Plus,app,2026-06-16,1840,1840,2026-06-18
KR-00227,C-0262,Retail-Plus,app,2026-04-07,1310,1310,2026-04-09
KR-00228,C-0252,Retail-Plus,app,2026-05-06,2430,2430,2026-05-08
KR-00229,C-0154,Retail-Plus,store,2026-06-10,2990,1794,2026-06-12
KR-00229,C-0154,Retail-Plus,store,2026-06-10,2990,1196,2026-06-12
KR-00230,C-0162,Retail-Plus,web,2026-04-03,2070,2070,2026-04-05
KR-00231,C-0157,Retail-Plus,app,2026-05-23,4050,2430,2026-05-25
KR-00231,C-0157,Retail-Plus,app,2026-05-23,4050,1620,2026-05-25
KR-00232,C-0202,Retail-Plus,app,2026-06-16,3840,2304,2026-06-18
KR-00232,C-0202,Retail-Plus,app,2026-06-16,3840,1536,2026-06-18
KR-00233,C-0227,Retail-Plus,app,2026-04-10,1920,1920,2026-04-12
KR-00234,C-0252,Retail-Plus,store,2026-05-03,3790,2274,2026-05-05
KR-00234,C-0252,Retail-Plus,store,2026-05-03,3790,1516,2026-05-05
KR-00235,C-0155,Retail-Plus,app,2026-06-05,1600,1600,2026-06-07
KR-00236,C-0193,Retail-Plus,store,2026-04-18,1580,1580,2026-04-20
KR-00237,C-0167,Retail-Plus,app,2026-05-17,1400,1400,2026-05-19
KR-00238,C-0234,Retail-Plus,web,2026-06-04,2520,2520,2026-06-06
KR-00239,C-0173,Retail-Plus,web,2026-04-18,1240,1240,2026-04-20
KR-00240,C-0179,Retail-Plus,store,2026-05-20,1720,1720,2026-05-22
KR-00241,C-0184,Retail-Plus,app,2026-06-15,2830,1698,2026-06-17
KR-00241,C-0184,Retail-Plus,app,2026-06-15,2830,1132,2026-06-17
KR-00242,C-0183,Retail-Plus,web,2026-04-28,3800,2280,2026-04-28
KR-00242,C-0183,Retail-Plus,web,2026-04-28,3800,1520,2026-04-28
KR-00243,C-0227,Retail-Plus,store,2026-05-03,2430,2430,2026-05-05
KR-00244,C-0227,Retail-Plus,app,2026-06-12,3750,2250,2026-06-14
KR-00244,C-0227,Retail-Plus,app,2026-06-12,3750,1500,2026-06-14
KR-00245,C-0165,Retail-Plus,app,2026-04-17,2910,1746,2026-04-19
KR-00245,C-0165,Retail-Plus,app,2026-04-17,2910,1164,2026-04-19
KR-00246,C-0158,Retail-Plus,app,2026-05-02,3870,2322,2026-05-04
KR-00246,C-0158,Retail-Plus,app,2026-05-02,3870,1548,2026-05-04
KR-00247,C-0171,Retail-Plus,app,2026-06-25,4130,2478,2026-06-27
KR-00247,C-0171,Retail-Plus,app,2026-06-25,4130,1652,2026-06-27
KR-00248,C-0172,Retail-Plus,web,2026-04-27,3130,1878,2026-04-28
KR-00248,C-0172,Retail-Plus,web,2026-04-27,3130,1252,2026-04-28
KR-00249,C-0190,Retail-Plus,app,2026-05-10,4260,2556,2026-05-12
KR-00249,C-0190,Retail-Plus,app,2026-05-10,4260,1704,2026-05-12
KR-00250,C-0160,Retail-Plus,store,2026-06-18,3060,1836,2026-06-20
KR-00250,C-0160,Retail-Plus,store,2026-06-18,3060,1224,2026-06-20
KR-00251,C-0213,Retail-Plus,store,2026-04-14,2190,2190,2026-04-16
KR-00252,C-0184,Retail-Plus,app,2026-05-16,2200,2200,2026-05-18
KR-00253,C-0175,Retail-Plus,app,2026-06-03,2680,2680,2026-06-05
KR-00254,C-0153,Retail-Plus,store,2026-04-25,2580,2580,2026-04-27
KR-00255,C-0239,Retail-Plus,store,2026-05-05,3770,2262,2026-05-07
KR-00255,C-0239,Retail-Plus,store,2026-05-05,3770,1508,2026-05-07
KR-00256,C-0184,Retail-Plus,web,2026-06-02,3400,2040,2026-06-04
KR-00256,C-0184,Retail-Plus,web,2026-06-02,3400,1360,2026-06-04
KR-00257,C-0164,Retail-Plus,app,2026-04-07,1840,1840,2026-04-09
KR-00258,C-0244,Retail-Plus,web,2026-05-07,1670,1670,2026-05-09
KR-00259,C-0188,Retail-Plus,web,2026-06-19,2730,2730,2026-06-21
KR-00260,C-0151,Retail-Plus,store,2026-04-22,1400,1400,2026-04-24
KR-00261,C-0219,Retail-Plus,web,2026-05-24,2600,2600,2026-05-26
KR-00262,C-0188,Retail-Plus,store,2026-06-23,1840,1840,2026-06-25
KR-00263,C-0269,Retail-Plus,web,2026-04-17,2840,1704,2026-04-19
KR-00263,C-0269,Retail-Plus,web,2026-04-17,2840,1136,2026-04-19
KR-00264,C-0224,Retail-Plus,app,2026-05-18,3800,2280,2026-05-20
KR-00264,C-0224,Retail-Plus,app,2026-05-18,3800,1520,2026-05-20
KR-00265,C-0152,Retail-Plus,store,2026-06-07,2980,1788,2026-06-09
KR-00265,C-0152,Retail-Plus,store,2026-06-07,2980,1192,2026-06-09
KR-00266,C-0192,Retail-Plus,store,2026-04-20,3260,1956,2026-04-22
KR-00266,C-0192,Retail-Plus,store,2026-04-20,3260,1304,2026-04-22
KR-00267,C-0185,Retail-Plus,web,2026-05-05,2290,2290,2026-05-07
KR-00268,C-0152,Retail-Plus,app,2026-06-08,1680,1680,2026-06-10
KR-00269,C-0219,Retail-Plus,app,2026-04-25,1910,1910,2026-04-27
KR-00270,C-0157,Retail-Plus,app,2026-05-26,2650,2650,2026-05-28
KR-00271,C-0219,Retail-Plus,app,2026-06-17,4430,2658,2026-06-19
KR-00271,C-0219,Retail-Plus,app,2026-06-17,4430,1772,2026-06-19
KR-00272,C-0167,Retail-Plus,app,2026-04-16,2140,2140,2026-04-18
KR-00273,C-0228,Retail-Plus,app,2026-05-04,3620,2172,2026-05-06
KR-00273,C-0228,Retail-Plus,app,2026-05-04,3620,1448,2026-05-06
KR-00274,C-0237,Retail-Plus,app,2026-06-08,2700,2700,2026-06-10
KR-00275,C-0151,Retail-Plus,app,2026-04-13,1240,1240,2026-04-15
KR-00276,C-0162,Retail-Plus,store,2026-05-02,1970,1970,2026-05-04
KR-00277,C-0165,Retail-Plus,app,2026-06-18,3810,2286,2026-06-20
KR-00277,C-0165,Retail-Plus,app,2026-06-18,3810,1524,2026-06-20
KR-00278,C-0174,Retail-Plus,store,2026-04-03,2600,2600,2026-04-05
KR-00279,C-0217,Retail-Plus,app,2026-05-22,4080,2448,2026-05-24
KR-00279,C-0217,Retail-Plus,app,2026-05-22,4080,1632,2026-05-24
KR-00280,C-0174,Retail-Plus,store,2026-06-26,3490,2094,2026-06-28
KR-00280,C-0174,Retail-Plus,store,2026-06-26,3490,1396,2026-06-28
KR-00281,C-0257,Retail-Plus,app,2026-04-05,2030,2030,2026-04-07
KR-00282,C-0216,Retail-Plus,store,2026-05-06,2480,2480,2026-05-08
KR-00283,C-0237,Retail-Plus,store,2026-06-21,3590,2154,2026-06-23
KR-00283,C-0237,Retail-Plus,store,2026-06-21,3590,1436,2026-06-23
KR-00284,C-0189,Retail-Plus,web,2026-04-27,4460,2676,2026-04-28
KR-00284,C-0189,Retail-Plus,web,2026-04-27,4460,1784,2026-04-28
KR-00285,C-0226,Retail-Plus,store,2026-05-09,1820,1820,2026-05-11
KR-00286,C-0194,Retail-Plus,store,2026-06-17,1850,1850,2026-06-19
KR-00287,C-0156,Retail-Plus,app,2026-04-17,1340,1340,2026-04-19
KR-00288,C-0261,Retail-Plus,web,2026-05-15,1610,1610,2026-05-17
KR-00289,C-0229,Retail-Plus,web,2026-06-17,2060,2060,2026-06-19
KR-00290,C-0154,Retail-Plus,app,2026-04-10,2870,1722,2026-04-12
KR-00290,C-0154,Retail-Plus,app,2026-04-10,2870,1148,2026-04-12
KR-00291,C-0160,Retail-Plus,store,2026-05-22,3490,2094,2026-05-24
KR-00291,C-0160,Retail-Plus,store,2026-05-22,3490,1396,2026-05-24
KR-00292,C-0183,Retail-Plus,app,2026-06-19,4060,2436,2026-06-21
KR-00292,C-0183,Retail-Plus,app,2026-06-19,4060,1624,2026-06-21
KR-00293,C-0232,Retail-Plus,web,2026-04-18,3860,2316,2026-04-20
KR-00293,C-0232,Retail-Plus,web,2026-04-18,3860,1544,2026-04-20
KR-00294,C-0220,Retail-Plus,web,2026-05-10,3450,2070,2026-05-12
KR-00294,C-0220,Retail-Plus,web,2026-05-10,3450,1380,2026-05-12
KR-00295,C-0267,Retail-Plus,store,2026-06-05,2200,2200,2026-06-07
KR-00296,C-0179,Retail-Plus,web,2026-04-01,3990,2394,2026-04-03
KR-00296,C-0179,Retail-Plus,web,2026-04-01,3990,1596,2026-04-03
KR-00297,C-0165,Retail-Plus,store,2026-05-21,1730,1730,2026-05-23
KR-00298,C-0187,Retail-Plus,web,2026-06-01,2160,2160,2026-06-03
KR-00299,C-0257,Retail-Plus,app,2026-04-15,4020,2412,2026-04-17
KR-00299,C-0257,Retail-Plus,app,2026-04-15,4020,1608,2026-04-17
KR-00300,C-0167,Retail-Plus,web,2026-05-23,2160,2160,2026-05-25
KR-00301,C-0250,Retail-Plus,web,2026-06-06,1790,1790,2026-06-08
KR-00302,C-0168,Retail-Plus,app,2026-04-15,1600,1600,2026-04-17
KR-00303,C-0226,Retail-Plus,store,2026-05-25,4130,2478,2026-05-27
KR-00303,C-0226,Retail-Plus,store,2026-05-25,4130,1652,2026-05-27
KR-00304,C-0186,Retail-Plus,app,2026-06-12,2430,2430,2026-06-14
KR-00305,C-0173,Retail-Plus,app,2026-04-02,1750,1750,2026-04-04
KR-00306,C-0209,Retail-Plus,web,2026-05-28,4420,2652,2026-05-28
KR-00306,C-0209,Retail-Plus,web,2026-05-28,4420,1768,2026-05-28
KR-00307,C-0183,Retail-Plus,web,2026-06-20,4330,2598,2026-06-22
KR-00307,C-0183,Retail-Plus,web,2026-06-20,4330,1732,2026-06-22
KR-00308,C-0238,Retail-Plus,store,2026-04-10,3740,2244,2026-04-12
KR-00308,C-0238,Retail-Plus,store,2026-04-10,3740,1496,2026-04-12
KR-00309,C-0162,Retail-Plus,app,2026-05-26,3920,2352,2026-05-28
KR-00309,C-0162,Retail-Plus,app,2026-05-26,3920,1568,2026-05-28
KR-00310,C-0174,Retail-Plus,web,2026-06-05,2760,2760,2026-06-07
KR-00311,C-0191,Retail-Plus,app,2026-04-24,2540,2540,2026-04-26
KR-00312,C-0223,Retail-Plus,app,2026-05-18,3670,2202,2026-05-20
KR-00312,C-0223,Retail-Plus,app,2026-05-18,3670,1468,2026-05-20
KR-00313,C-0189,Retail-Plus,app,2026-06-12,2180,2180,2026-06-14
KR-00314,C-0200,Retail-Plus,app,2026-04-05,4010,2406,2026-04-07
KR-00314,C-0200,Retail-Plus,app,2026-04-05,4010,1604,2026-04-07
KR-00315,C-0182,Retail-Plus,store,2026-05-12,3390,2034,2026-05-14
KR-00315,C-0182,Retail-Plus,store,2026-05-12,3390,1356,2026-05-14
KR-00316,C-0222,Retail-Plus,web,2026-06-13,1390,1390,2026-06-15
KR-00317,C-0252,Retail-Plus,web,2026-04-08,2910,1746,2026-04-10
KR-00317,C-0252,Retail-Plus,web,2026-04-08,2910,1164,2026-04-10
KR-00318,C-0166,Retail-Plus,store,2026-05-25,2780,1668,2026-05-27
KR-00318,C-0166,Retail-Plus,store,2026-05-25,2780,1112,2026-05-27
KR-00319,C-0246,Retail-Plus,store,2026-06-11,3650,2190,2026-06-13
KR-00319,C-0246,Retail-Plus,store,2026-06-11,3650,1460,2026-06-13
KR-00320,C-0259,Retail-Plus,app,2026-04-16,2520,2520,2026-04-18
KR-00321,C-0172,Retail-Plus,store,2026-05-15,3220,1932,2026-05-17
KR-00321,C-0172,Retail-Plus,store,2026-05-15,3220,1288,2026-05-17
KR-00322,C-0222,Retail-Plus,app,2026-06-24,3260,1956,2026-06-26
KR-00322,C-0222,Retail-Plus,app,2026-06-24,3260,1304,2026-06-26
KR-00323,C-0155,Retail-Plus,app,2026-04-26,1800,1800,2026-04-28
KR-00324,C-0172,Retail-Plus,web,2026-05-13,2180,2180,2026-05-15
KR-00325,C-0169,Retail-Plus,web,2026-06-14,2430,2430,2026-06-16
KR-00326,C-0210,Retail-Plus,app,2026-04-17,1470,1470,2026-04-19
KR-00327,C-0248,Retail-Plus,app,2026-05-01,3030,1818,2026-05-03
KR-00327,C-0248,Retail-Plus,app,2026-05-01,3030,1212,2026-05-03
KR-00328,C-0153,Retail-Plus,store,2026-06-12,2120,2120,2026-06-14
KR-00329,C-0185,Retail-Plus,app,2026-04-21,3880,2328,2026-04-23
KR-00329,C-0185,Retail-Plus,app,2026-04-21,3880,1552,2026-04-23
KR-00330,C-0183,Retail-Plus,web,2026-05-25,1450,1450,2026-05-27
KR-00331,C-0152,Retail-Plus,web,2026-06-11,1920,1920,2026-06-13
KR-00332,C-0176,Retail-Plus,app,2026-04-10,3850,2310,2026-04-12
KR-00332,C-0176,Retail-Plus,app,2026-04-10,3850,1540,2026-04-12
KR-00333,C-0182,Retail-Plus,app,2026-05-06,1290,1290,2026-05-08
KR-00334,C-0162,Retail-Plus,web,2026-06-09,2540,2540,2026-06-11
KR-00335,C-0159,Retail-Plus,web,2026-04-09,3450,2070,2026-04-11
KR-00335,C-0159,Retail-Plus,web,2026-04-09,3450,1380,2026-04-11
KR-00336,C-0183,Retail-Plus,web,2026-05-24,2670,2670,2026-05-26
KR-00337,C-0204,Retail-Plus,store,2026-06-04,2920,1752,2026-06-06
KR-00337,C-0204,Retail-Plus,store,2026-06-04,2920,1168,2026-06-06
KR-00338,C-0210,Retail-Plus,app,2026-04-09,2900,1740,2026-04-11
KR-00338,C-0210,Retail-Plus,app,2026-04-09,2900,1160,2026-04-11
KR-00339,C-0182,Retail-Plus,web,2026-05-27,4470,2682,2026-05-28
KR-00339,C-0182,Retail-Plus,web,2026-05-27,4470,1788,2026-05-28
KR-00340,C-0137,Retail-Core,web,2026-04-08,1870,1870,2026-04-10
KR-00341,C-0144,Retail-Core,web,2026-05-04,1020,1020,2026-05-06
KR-00342,C-0014,Retail-Core,store,2026-06-14,2240,2240,2026-06-16
KR-00343,C-0022,Retail-Core,web,2026-04-08,2790,1674,2026-04-10
KR-00343,C-0022,Retail-Core,web,2026-04-08,2790,1116,2026-04-10
KR-00344,C-0077,Retail-Core,web,2026-05-05,930,930,2026-05-07
KR-00345,C-0009,Retail-Core,web,2026-06-01,2910,1746,2026-06-03
KR-00345,C-0009,Retail-Core,web,2026-06-01,2910,1164,2026-06-03
KR-00346,C-0140,Retail-Core,store,2026-04-07,2620,2620,2026-04-09
KR-00347,C-0054,Retail-Core,web,2026-05-12,1300,1300,2026-05-14
KR-00348,C-0015,Retail-Core,store,2026-06-06,1480,1480,2026-06-08
KR-00349,C-0035,Retail-Core,web,2026-04-24,1740,1740,2026-04-26
KR-00350,C-0008,Retail-Core,store,2026-05-12,2700,2700,2026-05-14
KR-00351,C-0110,Retail-Core,store,2026-06-22,2540,2540,2026-06-24
KR-00352,C-0049,Retail-Core,app,2026-04-15,840,840,2026-04-17
KR-00352,C-0049,Retail-Core,app,2026-04-15,840,840,2026-04-17
KR-00353,C-0021,Retail-Core,app,2026-05-28,1380,1380,2026-05-28
KR-00354,C-0122,Retail-Core,web,2026-06-02,2480,2480,2026-06-04
KR-00355,C-0018,Retail-Core,store,2026-04-28,1430,1430,2026-04-28
KR-00356,C-0104,Retail-Core,web,2026-05-11,920,920,2026-05-13
KR-00357,C-0019,Retail-Core,app,2026-06-26,2360,2360,2026-06-28
KR-00358,C-0001,Retail-Core,web,2026-04-05,1640,1640,2026-04-07
KR-00359,C-0085,Retail-Core,app,2026-05-26,2070,2070,2026-05-28
KR-00360,C-0042,Retail-Core,store,2026-06-06,1220,1220,2026-06-08
KR-00361,C-0066,Retail-Core,web,2026-04-27,2580,2580,2026-04-28
KR-00362,C-0009,Retail-Core,web,2026-05-19,2850,1710,2026-05-21
KR-00362,C-0009,Retail-Core,web,2026-05-19,2850,1140,2026-05-21
KR-00363,C-0010,Retail-Core,web,2026-06-04,2070,2070,2026-06-06
KR-00364,C-0022,Retail-Core,store,2026-04-13,2590,2590,2026-04-15
KR-00365,C-0086,Retail-Core,app,2026-05-22,1870,1870,2026-05-24
KR-00366,C-0089,Retail-Core,app,2026-06-07,2560,2560,2026-06-09
KR-00367,C-0093,Retail-Core,store,2026-04-04,1740,1740,2026-04-06
KR-00368,C-0054,Retail-Core,store,2026-05-12,2670,2670,2026-05-14
KR-00369,C-0035,Retail-Core,store,2026-06-10,2760,2760,2026-06-12
KR-00370,C-0115,Retail-Core,app,2026-04-03,1480,1480,2026-04-05
KR-00371,C-0047,Retail-Core,app,2026-05-18,990,990,2026-05-20
KR-00372,C-0126,Retail-Core,app,2026-06-13,1160,1160,2026-06-15
KR-00373,C-0107,Retail-Core,store,2026-04-19,1630,1630,2026-04-21
KR-00374,C-0009,Retail-Core,app,2026-05-13,2910,1746,2026-05-15
KR-00374,C-0009,Retail-Core,app,2026-05-13,2910,1164,2026-05-15
KR-00375,C-0123,Retail-Core,app,2026-06-24,3000,1800,2026-06-26
KR-00375,C-0123,Retail-Core,app,2026-06-24,3000,1200,2026-06-26
KR-00376,C-0036,Retail-Core,store,2026-04-16,1120,1120,2026-04-18
KR-00377,C-0014,Retail-Core,store,2026-05-17,1580,1580,2026-05-19
KR-00378,C-0044,Retail-Core,app,2026-06-11,2760,2760,2026-06-13
KR-00379,C-0128,Retail-Core,store,2026-04-25,1620,1620,2026-04-27
KR-00380,C-0021,Retail-Core,app,2026-05-15,1950,1950,2026-05-17
KR-00381,C-0017,Retail-Core,store,2026-06-25,1890,1890,2026-06-27
KR-00382,C-0084,Retail-Core,web,2026-04-05,1780,1780,2026-04-07
KR-00383,C-0031,Retail-Core,store,2026-05-09,960,960,2026-05-11
KR-00384,C-0138,Retail-Core,app,2026-06-15,1480,1480,2026-06-17
KR-00385,C-0091,Retail-Core,app,2026-04-27,2000,2000,2026-04-28
KR-00386,C-0054,Retail-Core,app,2026-05-17,1980,1980,2026-05-19
KR-00387,C-0021,Retail-Core,app,2026-06-22,970,970,2026-06-24
KR-00388,C-0148,Retail-Core,store,2026-04-08,1340,1340,2026-04-10
KR-00389,C-0034,Retail-Core,web,2026-05-24,2690,2690,2026-05-26
KR-00390,C-0049,Retail-Core,app,2026-06-18,2090,2090,2026-06-20
KR-00391,C-0028,Retail-Core,web,2026-04-01,1130,1130,2026-04-03
KR-00392,C-0112,Retail-Core,app,2026-05-04,990,990,2026-05-06
KR-00393,C-0011,Retail-Core,store,2026-06-05,2090,2090,2026-06-07
KR-00394,C-0033,Retail-Core,web,2026-04-19,1690,1690,2026-04-21
KR-00395,C-0013,Retail-Core,store,2026-05-12,2920,1752,2026-05-14
KR-00395,C-0013,Retail-Core,store,2026-05-12,2920,1168,2026-05-14
KR-00396,C-0010,Retail-Core,web,2026-06-08,1990,1990,2026-06-10
KR-00397,C-0040,Retail-Core,web,2026-04-20,2510,2510,2026-04-22
KR-00398,C-0026,Retail-Core,app,2026-05-28,2690,2690,2026-05-28
KR-00399,C-0031,Retail-Core,app,2026-06-25,1470,1470,2026-06-27
KR-00400,C-0046,Retail-Core,app,2026-04-10,1090,1090,2026-04-12
KR-00401,C-0044,Retail-Core,web,2026-05-09,1340,1340,2026-05-11
KR-00402,C-0011,Retail-Core,app,2026-06-14,2950,1770,2026-06-16
KR-00402,C-0011,Retail-Core,app,2026-06-14,2950,1180,2026-06-16
KR-00403,C-0124,Retail-Core,web,2026-04-27,2460,2460,2026-04-28
KR-00404,C-0037,Retail-Core,app,2026-05-08,2880,1728,2026-05-10
KR-00404,C-0037,Retail-Core,app,2026-05-08,2880,1152,2026-05-10
KR-00405,C-0028,Retail-Core,store,2026-06-18,2620,2620,2026-06-20
KR-00406,C-0044,Retail-Core,app,2026-04-15,1970,1970,2026-04-17
KR-00407,C-0075,Retail-Core,store,2026-05-26,1840,1840,2026-05-28
KR-00408,C-0038,Retail-Core,app,2026-06-10,2430,2430,2026-06-12
KR-00409,C-0047,Retail-Core,store,2026-04-13,1910,1910,2026-04-15
KR-00410,C-0112,Retail-Core,app,2026-05-05,1040,1040,2026-05-07
KR-00411,C-0088,Retail-Core,store,2026-06-14,960,960,2026-06-16
KR-00412,C-0005,Retail-Core,app,2026-04-05,1990,1990,2026-04-07
KR-00413,C-0002,Retail-Core,web,2026-05-16,1560,1560,2026-05-18
KR-00414,C-0134,Retail-Core,store,2026-06-20,890,890,2026-06-22
KR-00414,C-0134,Retail-Core,store,2026-06-20,890,890,2026-06-22
KR-00415,C-0117,Retail-Core,web,2026-04-19,1760,1760,2026-04-21
KR-00416,C-0020,Retail-Core,web,2026-05-12,2940,1764,2026-05-14
KR-00416,C-0020,Retail-Core,web,2026-05-12,2940,1176,2026-05-14
KR-00417,C-0044,Retail-Core,web,2026-06-07,800,800,2026-06-09
KR-00417,C-0044,Retail-Core,web,2026-06-07,800,800,2026-06-09
KR-00418,C-0040,Retail-Core,store,2026-04-05,2930,1758,2026-04-07
KR-00418,C-0040,Retail-Core,store,2026-04-05,2930,1172,2026-04-07
KR-00419,C-0008,Retail-Core,web,2026-05-06,1520,1520,2026-05-08
KR-00420,C-0112,Retail-Core,store,2026-06-05,1280,1280,2026-06-07
KR-00421,C-0136,Retail-Core,web,2026-04-15,1670,1670,2026-04-17
KR-00422,C-0060,Retail-Core,app,2026-05-20,1470,1470,2026-05-22
KR-00423,C-0099,Retail-Core,store,2026-06-14,1180,1180,2026-06-16
KR-00424,C-0038,Retail-Core,web,2026-04-21,1170,1170,2026-04-23
KR-00425,C-0060,Retail-Core,app,2026-05-05,2600,2600,2026-05-07
KR-00426,C-0043,Retail-Core,app,2026-06-09,1660,1660,2026-06-11
KR-00427,C-0040,Retail-Core,web,2026-04-27,2540,2540,2026-04-28
KR-00428,C-0017,Retail-Core,web,2026-05-06,2280,2280,2026-05-08
KR-00429,C-0020,Retail-Core,app,2026-06-28,2900,1740,2026-06-28
KR-00429,C-0020,Retail-Core,app,2026-06-28,2900,1160,2026-06-28
KR-00430,C-0076,Retail-Core,store,2026-04-12,1550,1550,2026-04-14
KR-00431,C-0040,Retail-Core,app,2026-05-20,2110,2110,2026-05-22
KR-00432,C-0111,Retail-Core,app,2026-06-28,2910,1746,2026-06-28
KR-00432,C-0111,Retail-Core,app,2026-06-28,2910,1164,2026-06-28
KR-00433,C-0027,Retail-Core,store,2026-04-14,1920,1920,2026-04-16
KR-00434,C-0031,Retail-Core,app,2026-05-11,1840,1840,2026-05-13
KR-00435,C-0023,Retail-Core,web,2026-06-04,1630,1630,2026-06-06
KR-00436,C-0038,Retail-Core,web,2026-04-28,1090,1090,2026-04-28
KR-00437,C-0026,Retail-Core,app,2026-05-23,2500,2500,2026-05-25
KR-00438,C-0012,Retail-Core,app,2026-06-04,1800,1800,2026-06-06
KR-00439,C-0051,Retail-Core,web,2026-04-15,1960,1960,2026-04-17
KR-00440,C-0020,Retail-Core,app,2026-05-19,850,850,2026-05-21
KR-00440,C-0020,Retail-Core,app,2026-05-19,850,850,2026-05-21
KR-00441,C-0102,Retail-Core,app,2026-06-07,2190,2190,2026-06-09
KR-00442,C-0100,Retail-Core,app,2026-04-28,2240,2240,2026-04-28
KR-00443,C-0073,Retail-Core,web,2026-05-14,1460,1460,2026-05-16
KR-00444,C-0110,Retail-Core,web,2026-06-14,1310,1310,2026-06-16
KR-00445,C-0146,Retail-Core,web,2026-04-07,2130,2130,2026-04-09
KR-00446,C-0019,Retail-Core,web,2026-05-25,1120,1120,2026-05-27
KR-00447,C-0003,Retail-Core,web,2026-06-05,990,990,2026-06-07
KR-00448,C-0104,Retail-Core,web,2026-04-16,2670,2670,2026-04-18
KR-00449,C-0035,Retail-Core,app,2026-05-08,2150,2150,2026-05-10
KR-00450,C-0047,Retail-Core,app,2026-06-14,2760,2760,2026-06-16
KR-00451,C-0125,Retail-Core,web,2026-04-17,820,820,2026-04-19
KR-00451,C-0125,Retail-Core,web,2026-04-17,820,820,2026-04-19
KR-00452,C-0025,Retail-Core,store,2026-05-05,2340,2340,2026-05-07
KR-00453,C-0020,Retail-Core,app,2026-06-22,2930,1758,2026-06-24
KR-00453,C-0020,Retail-Core,app,2026-06-22,2930,1172,2026-06-24
KR-00454,C-0007,Retail-Core,store,2026-04-15,2230,2230,2026-04-17
KR-00455,C-0025,Retail-Core,store,2026-05-10,2420,2420,2026-05-12
KR-00456,C-0058,Retail-Core,app,2026-06-18,810,810,2026-06-20
KR-00456,C-0058,Retail-Core,app,2026-06-18,810,810,2026-06-20
KR-00457,C-0145,Retail-Core,store,2026-04-25,2690,2690,2026-04-27
KR-00458,C-0044,Retail-Core,store,2026-05-26,1190,1190,2026-05-28
KR-00459,C-0033,Retail-Core,app,2026-06-20,2180,2180,2026-06-22
KR-00460,C-0136,Retail-Core,store,2026-04-14,2700,2700,2026-04-16
KR-00461,C-0075,Retail-Core,app,2026-05-12,1490,1490,2026-05-14
KR-00462,C-0002,Retail-Core,web,2026-06-07,1670,1670,2026-06-09
KR-00463,C-0029,Retail-Core,store,2026-04-18,2600,2600,2026-04-20
KR-00464,C-0021,Retail-Core,store,2026-05-18,2560,2560,2026-05-20
KR-00465,C-0019,Retail-Core,app,2026-06-17,1880,1880,2026-06-19
KR-00466,C-0003,Retail-Core,store,2026-04-11,1380,1380,2026-04-13
KR-00467,C-0081,Retail-Core,web,2026-05-21,1070,1070,2026-05-23
KR-00468,C-0078,Retail-Core,web,2026-06-18,1750,1750,2026-06-20
KR-00469,C-0060,Retail-Core,store,2026-04-16,1310,1310,2026-04-18
KR-00470,C-0021,Retail-Core,app,2026-05-26,2300,2300,2026-05-28
KR-00471,C-0133,Retail-Core,app,2026-06-24,2660,2660,2026-06-26
KR-00472,C-0094,Retail-Core,web,2026-04-23,2250,2250,2026-04-25
KR-00473,C-0096,Retail-Core,web,2026-05-08,1560,1560,2026-05-10
KR-00474,C-0020,Retail-Core,store,2026-06-21,1740,1740,2026-06-23
KR-00475,C-0037,Retail-Core,store,2026-04-17,1650,1650,2026-04-19
KR-00476,C-0077,Retail-Core,store,2026-05-12,1620,1620,2026-05-14
KR-00477,C-0086,Retail-Core,web,2026-06-07,1110,1110,2026-06-09
KR-00478,C-0084,Retail-Core,store,2026-04-16,2670,2670,2026-04-18
KR-00479,C-0127,Retail-Core,app,2026-05-06,1080,1080,2026-05-08
KR-00480,C-0058,Retail-Core,app,2026-06-14,2040,2040,2026-06-16
KR-00481,C-0071,Retail-Core,web,2026-04-13,2090,2090,2026-04-15
KR-00482,C-0089,Retail-Core,web,2026-05-28,2560,2560,2026-05-28
KR-00483,C-0033,Retail-Core,store,2026-06-01,2930,1758,2026-06-03
KR-00483,C-0033,Retail-Core,store,2026-06-01,2930,1172,2026-06-03
KR-00484,C-0003,Retail-Core,store,2026-04-03,2470,2470,2026-04-05
KR-00485,C-0147,Retail-Core,web,2026-05-24,1590,1590,2026-05-26
KR-00486,C-0026,Retail-Core,app,2026-06-12,2110,2110,2026-06-14
KR-00487,C-0029,Retail-Core,app,2026-04-10,1480,1480,2026-04-12
KR-00488,C-0095,Retail-Core,store,2026-05-11,2940,1764,2026-05-13
KR-00488,C-0095,Retail-Core,store,2026-05-11,2940,1176,2026-05-13
KR-00489,C-0020,Retail-Core,web,2026-06-06,2570,2570,2026-06-08
KR-00490,C-0012,Retail-Core,web,2026-04-12,970,970,2026-04-14
KR-00491,C-0146,Retail-Core,store,2026-05-08,2150,2150,2026-05-10
KR-00492,C-0144,Retail-Core,web,2026-06-04,1320,1320,2026-06-06
KR-00493,C-0108,Retail-Core,web,2026-04-11,1270,1270,2026-04-13
KR-00494,C-0007,Retail-Core,store,2026-05-03,1650,1650,2026-05-05
KR-00495,C-0079,Retail-Core,web,2026-06-19,1680,1680,2026-06-21
KR-00496,C-0060,Retail-Core,store,2026-04-03,2050,2050,2026-04-05
KR-00497,C-0008,Retail-Core,store,2026-05-17,2330,2330,2026-05-19
KR-00498,C-0128,Retail-Core,app,2026-06-24,2170,2170,2026-06-26
KR-00499,C-0084,Retail-Core,app,2026-04-26,1950,1950,2026-04-28
KR-00500,C-0046,Retail-Core,web,2026-05-03,1220,1220,2026-05-05
KR-00501,C-0040,Retail-Core,web,2026-06-09,1320,1320,2026-06-11
KR-00502,C-0024,Retail-Core,store,2026-04-09,2710,2710,2026-04-11
KR-00503,C-0022,Retail-Core,store,2026-05-03,1260,1260,2026-05-05
KR-00504,C-0003,Retail-Core,web,2026-06-19,1430,1430,2026-06-21
KR-00505,C-0012,Retail-Core,store,2026-04-07,2410,2410,2026-04-09
KR-00506,C-0136,Retail-Core,web,2026-05-22,2540,2540,2026-05-24
KR-00507,C-0037,Retail-Core,web,2026-06-25,2300,2300,2026-06-27
KR-00508,C-0103,Retail-Core,web,2026-04-07,1660,1660,2026-04-09
KR-00509,C-0091,Retail-Core,web,2026-05-23,1050,1050,2026-05-25
KR-00510,C-0083,Retail-Core,web,2026-06-25,1480,1480,2026-06-27
KR-00511,C-0010,Retail-Core,store,2026-04-04,1710,1710,2026-04-06
KR-00512,C-0050,Retail-Core,app,2026-05-08,870,870,2026-05-10
KR-00512,C-0050,Retail-Core,app,2026-05-08,870,870,2026-05-10
KR-00513,C-0086,Retail-Core,app,2026-06-06,2830,1698,2026-06-08
KR-00513,C-0086,Retail-Core,app,2026-06-06,2830,1132,2026-06-08
KR-00514,C-0087,Retail-Core,app,2026-04-27,2970,1782,2026-04-28
KR-00514,C-0087,Retail-Core,app,2026-04-27,2970,1188,2026-04-28
KR-00515,C-0051,Retail-Core,web,2026-05-26,1780,1780,2026-05-28
KR-00516,C-0050,Retail-Core,web,2026-06-27,1180,1180,2026-06-28
KR-00517,C-0048,Retail-Core,web,2026-04-27,1640,1640,2026-04-28
KR-00518,C-0121,Retail-Core,store,2026-05-17,2350,2350,2026-05-19
KR-00519,C-0068,Retail-Core,app,2026-06-02,1660,1660,2026-06-04
KR-00520,C-0002,Retail-Core,store,2026-04-20,800,800,2026-04-22
KR-00520,C-0002,Retail-Core,store,2026-04-20,800,800,2026-04-22
KR-00521,C-0040,Retail-Core,web,2026-05-23,1060,1060,2026-05-25
KR-00522,C-0143,Retail-Core,store,2026-06-21,1140,1140,2026-06-23
KR-00523,C-0047,Retail-Core,app,2026-04-08,1280,1280,2026-04-10
KR-00524,C-0127,Retail-Core,web,2026-05-11,890,890,2026-05-13
KR-00524,C-0127,Retail-Core,web,2026-05-11,890,890,2026-05-13
KR-00525,C-0058,Retail-Core,store,2026-06-06,920,920,2026-06-08
KR-00526,C-0036,Retail-Core,web,2026-04-11,2830,1698,2026-04-13
KR-00526,C-0036,Retail-Core,web,2026-04-11,2830,1132,2026-04-13
KR-00527,C-0036,Retail-Core,web,2026-05-02,2560,2560,2026-05-04
KR-00528,C-0032,Retail-Core,web,2026-06-22,2510,2510,2026-06-24
KR-00529,C-0119,Retail-Core,web,2026-04-11,1530,1530,2026-04-13
KR-00530,C-0058,Retail-Core,web,2026-05-17,2510,2510,2026-05-19
KR-00531,C-0027,Retail-Core,app,2026-06-13,2000,2000,2026-06-15
KR-00532,C-0031,Retail-Core,store,2026-04-06,800,800,2026-04-08
KR-00532,C-0031,Retail-Core,store,2026-04-06,800,800,2026-04-08
KR-00533,C-0136,Retail-Core,store,2026-05-07,1220,1220,2026-05-09
KR-00534,C-0018,Retail-Core,web,2026-06-12,1560,1560,2026-06-14
KR-00535,C-0050,Retail-Core,app,2026-04-22,2700,2700,2026-04-24
KR-00536,C-0017,Retail-Core,app,2026-05-18,1970,1970,2026-05-20
KR-00537,C-0007,Retail-Core,app,2026-06-08,1270,1270,2026-06-10
KR-00538,C-0020,Retail-Core,store,2026-04-06,1330,1330,2026-04-08
KR-00539,C-0338,Student,web,2026-07-08,850,850,2026-07-10
KR-00539,C-0338,Student,web,2026-07-08,850,850,2026-07-10
KR-00540,C-0340,Student,store,2026-08-20,590,590,2026-08-22
KR-00540,C-0340,Student,store,2026-08-20,590,590,2026-08-22
KR-00541,C-0320,Student,web,2026-09-15,1160,1160,2026-09-17
KR-00542,C-0332,Student,app,2026-07-27,790,790,2026-07-28
KR-00542,C-0332,Student,app,2026-07-27,790,790,2026-07-28
KR-00543,C-0319,Student,store,2026-08-09,680,680,2026-08-11
KR-00543,C-0319,Student,store,2026-08-09,680,680,2026-08-11
KR-00544,C-0311,Student,app,2026-09-01,960,960,2026-09-03
KR-00545,C-0323,Student,app,2026-07-24,680,680,2026-07-26
KR-00545,C-0323,Student,app,2026-07-24,680,680,2026-07-26
KR-00546,C-0317,Student,app,2026-08-19,500,500,2026-08-21
KR-00546,C-0317,Student,app,2026-08-19,500,500,2026-08-21
KR-00547,C-0316,Student,app,2026-09-27,970,970,2026-09-28
KR-00548,C-0325,Student,app,2026-07-26,1200,1200,2026-07-28
KR-00549,C-0334,Student,app,2026-08-25,970,970,2026-08-27
KR-00550,C-0319,Student,web,2026-09-16,1480,1480,2026-09-18
KR-00551,C-0314,Student,web,2026-07-15,1500,1500,2026-07-17
KR-00552,C-0316,Student,web,2026-08-12,880,880,2026-08-14
KR-00552,C-0316,Student,web,2026-08-12,880,880,2026-08-14
KR-00553,C-0314,Student,app,2026-09-26,1470,1470,2026-09-28
KR-00554,C-0322,Student,web,2026-07-01,810,810,2026-07-03
KR-00554,C-0322,Student,web,2026-07-01,810,810,2026-07-03
KR-00555,C-0313,Student,app,2026-08-15,770,770,2026-08-17
KR-00555,C-0313,Student,app,2026-08-15,770,770,2026-08-17
KR-00556,C-0320,Student,store,2026-09-08,530,530,2026-09-10
KR-00556,C-0320,Student,store,2026-09-08,530,530,2026-09-10
KR-00557,C-0315,Student,app,2026-07-22,930,930,2026-07-24
KR-00558,C-0334,Student,store,2026-08-08,1180,1180,2026-08-10
KR-00559,C-0340,Student,app,2026-09-02,1030,1030,2026-09-04
KR-00560,C-0319,Student,web,2026-07-27,1240,1240,2026-07-28
KR-00561,C-0319,Student,app,2026-08-24,900,900,2026-08-26
KR-00561,C-0319,Student,app,2026-08-24,900,900,2026-08-26
KR-00562,C-0335,Student,store,2026-09-21,750,750,2026-09-23
KR-00562,C-0335,Student,store,2026-09-21,750,750,2026-09-23
KR-00563,C-0320,Student,app,2026-07-20,940,940,2026-07-22
KR-00564,C-0314,Student,store,2026-08-18,410,410,2026-08-20
KR-00564,C-0314,Student,store,2026-08-18,410,410,2026-08-20
KR-00565,C-0312,Student,app,2026-09-05,830,830,2026-09-07
KR-00565,C-0312,Student,app,2026-09-05,830,830,2026-09-07
KR-00566,C-0313,Student,web,2026-07-26,490,490,2026-07-28
KR-00566,C-0313,Student,web,2026-07-26,490,490,2026-07-28
KR-00567,C-0311,Student,web,2026-08-22,960,960,2026-08-24
KR-00568,C-0329,Student,store,2026-09-17,960,960,2026-09-19
KR-00569,C-0317,Student,app,2026-07-12,650,650,2026-07-14
KR-00569,C-0317,Student,app,2026-07-12,650,650,2026-07-14
KR-00570,C-0319,Student,store,2026-08-07,1410,1410,2026-08-09
KR-00571,C-0315,Student,store,2026-09-25,1320,1320,2026-09-27
KR-00572,C-0332,Student,store,2026-07-11,550,550,2026-07-13
KR-00572,C-0332,Student,store,2026-07-11,550,550,2026-07-13
KR-00573,C-0317,Student,web,2026-08-11,1300,1300,2026-08-13
KR-00574,C-0311,Student,store,2026-09-05,640,640,2026-09-07
KR-00574,C-0311,Student,store,2026-09-05,640,640,2026-09-07
KR-00575,C-0336,Student,store,2026-07-05,1100,1100,2026-07-07
KR-00576,C-0337,Student,store,2026-08-04,1390,1390,2026-08-06
KR-00577,C-0278,Business,store,2026-07-21,927000,0,
KR-00578,C-0273,Business,app,2026-08-20,950000,570000,2026-08-22
KR-00578,C-0273,Business,app,2026-08-20,950000,380000,2026-08-22
KR-00579,C-0310,Business,app,2026-09-13,750000,450000,2026-09-15
KR-00579,C-0310,Business,app,2026-09-13,750000,300000,2026-09-15
KR-00580,C-0274,Business,store,2026-07-22,855000,513000,2026-07-24
KR-00580,C-0274,Business,store,2026-07-22,855000,342000,2026-07-24
KR-00581,C-0276,Business,store,2026-08-20,1170000,702000,2026-08-22
KR-00581,C-0276,Business,store,2026-08-20,1170000,468000,2026-08-22
KR-00582,C-0289,Business,web,2026-09-21,770000,0,
KR-00583,C-0280,Business,store,2026-07-16,376000,225600,2026-07-18
KR-00583,C-0280,Business,store,2026-07-16,376000,150400,2026-07-18
KR-00584,C-0310,Business,app,2026-08-28,792000,475200,2026-08-28
KR-00584,C-0310,Business,app,2026-08-28,792000,316800,2026-08-28
KR-00585,C-0289,Business,app,2026-09-15,1228000,736800,2026-09-17
KR-00585,C-0289,Business,app,2026-09-15,1228000,491200,2026-09-17
KR-00586,C-0293,Business,app,2026-07-25,604000,362400,2026-07-27
KR-00586,C-0293,Business,app,2026-07-25,604000,241600,2026-07-27
KR-00587,C-0271,Business,store,2026-08-25,1310000,786000,2026-08-27
KR-00587,C-0271,Business,store,2026-08-25,1310000,524000,2026-08-27
KR-00588,C-0284,Business,store,2026-09-11,831000,498600,2026-09-13
KR-00588,C-0284,Business,store,2026-09-11,831000,332400,2026-09-13
KR-00589,C-0294,Business,store,2026-07-02,1488000,892800,2026-07-04
KR-00589,C-0294,Business,store,2026-07-02,1488000,595200,2026-07-04
KR-00590,C-0273,Business,app,2026-08-03,1683000,1009800,2026-08-05
KR-00590,C-0273,Business,app,2026-08-03,1683000,673200,2026-08-05
KR-00591,C-0275,Business,web,2026-09-06,1123000,673800,2026-09-08
KR-00591,C-0275,Business,web,2026-09-06,1123000,449200,2026-09-08
KR-00592,C-0293,Business,web,2026-07-28,517000,310200,2026-07-28
KR-00592,C-0293,Business,web,2026-07-28,517000,206800,2026-07-28
KR-00593,C-0297,Business,web,2026-08-15,1127000,676200,2026-08-17
KR-00593,C-0297,Business,web,2026-08-15,1127000,450800,2026-08-17
KR-00594,C-0306,Business,store,2026-09-10,827000,496200,2026-09-12
KR-00594,C-0306,Business,store,2026-09-10,827000,330800,2026-09-12
KR-00595,C-0295,Business,store,2026-07-23,401000,240600,2026-07-25
KR-00595,C-0295,Business,store,2026-07-23,401000,160400,2026-07-25
KR-00596,C-0275,Business,web,2026-08-27,1078000,646800,2026-08-28
KR-00596,C-0275,Business,web,2026-08-27,1078000,431200,2026-08-28
KR-00597,C-0280,Business,web,2026-09-11,1168000,700800,2026-09-13
KR-00597,C-0280,Business,web,2026-09-11,1168000,467200,2026-09-13
KR-00598,C-0276,Business,app,2026-07-20,1613000,967800,2026-07-22
KR-00598,C-0276,Business,app,2026-07-20,1613000,645200,2026-07-22
KR-00599,C-0272,Business,store,2026-08-21,524000,314400,2026-08-23
KR-00599,C-0272,Business,store,2026-08-21,524000,209600,2026-08-23
KR-00600,C-0306,Business,app,2026-09-28,481000,288600,2026-09-28
KR-00600,C-0306,Business,app,2026-09-28,481000,192400,2026-09-28
KR-00601,C-0282,Business,app,2026-07-22,1040000,624000,2026-07-24
KR-00601,C-0282,Business,app,2026-07-22,1040000,416000,2026-07-24
KR-00602,C-0275,Business,app,2026-08-09,1299000,779400,2026-08-11
KR-00602,C-0275,Business,app,2026-08-09,1299000,519600,2026-08-11
KR-00603,C-0271,Business,web,2026-09-10,367000,220200,2026-09-12
KR-00603,C-0271,Business,web,2026-09-10,367000,146800,2026-09-12
KR-00604,C-0284,Business,web,2026-07-22,1042000,625200,2026-07-24
KR-00604,C-0284,Business,web,2026-07-22,1042000,416800,2026-07-24
KR-00605,C-0294,Business,app,2026-08-08,279000,167400,2026-08-10
KR-00605,C-0294,Business,app,2026-08-08,279000,111600,2026-08-10
KR-00606,C-0272,Business,store,2026-09-16,534000,320400,2026-09-18
KR-00606,C-0272,Business,store,2026-09-16,534000,213600,2026-09-18
KR-00607,C-0282,Business,app,2026-07-22,221000,132600,2026-07-24
KR-00607,C-0282,Business,app,2026-07-22,221000,88400,2026-07-24
KR-00608,C-0281,Business,app,2026-08-03,917000,550200,2026-08-05
KR-00608,C-0281,Business,app,2026-08-03,917000,366800,2026-08-05
KR-00609,C-0300,Business,store,2026-09-23,1258000,754800,2026-09-25
KR-00609,C-0300,Business,store,2026-09-23,1258000,503200,2026-09-25
KR-00610,C-0280,Business,web,2026-07-27,278000,166800,2026-07-28
KR-00610,C-0280,Business,web,2026-07-27,278000,111200,2026-07-28
KR-00611,C-0279,Business,web,2026-08-03,536000,321600,2026-08-05
KR-00611,C-0279,Business,web,2026-08-03,536000,214400,2026-08-05
KR-00612,C-0280,Business,web,2026-09-24,354000,212400,2026-09-26
KR-00612,C-0280,Business,web,2026-09-24,354000,141600,2026-09-26
KR-00613,C-0308,Business,web,2026-07-19,212000,127200,2026-07-21
KR-00613,C-0308,Business,web,2026-07-19,212000,84800,2026-07-21
KR-00614,C-0307,Business,web,2026-08-18,409000,245400,2026-08-20
KR-00614,C-0307,Business,web,2026-08-18,409000,163600,2026-08-20
KR-00615,C-0284,Business,web,2026-09-17,636000,381600,2026-09-19
KR-00615,C-0284,Business,web,2026-09-17,636000,254400,2026-09-19
KR-00616,C-0296,Business,app,2026-07-21,230000,138000,2026-07-23
KR-00616,C-0296,Business,app,2026-07-21,230000,92000,2026-07-23
KR-00617,C-0293,Business,web,2026-08-01,1352000,811200,2026-08-03
KR-00617,C-0293,Business,web,2026-08-01,1352000,540800,2026-08-03
KR-00618,C-0287,Business,web,2026-09-18,1168000,700800,2026-09-20
KR-00618,C-0287,Business,web,2026-09-18,1168000,467200,2026-09-20
KR-00619,C-0293,Business,store,2026-07-12,1290000,774000,2026-07-14
KR-00619,C-0293,Business,store,2026-07-12,1290000,516000,2026-07-14
KR-00620,C-0274,Business,store,2026-08-18,1074000,644400,2026-08-20
KR-00620,C-0274,Business,store,2026-08-18,1074000,429600,2026-08-20
KR-00621,C-0273,Business,store,2026-09-23,913000,547800,2026-09-25
KR-00621,C-0273,Business,store,2026-09-23,913000,365200,2026-09-25
KR-00622,C-0295,Business,store,2026-07-16,1312000,787200,2026-07-18
KR-00622,C-0295,Business,store,2026-07-16,1312000,524800,2026-07-18
KR-00623,C-0304,Business,app,2026-08-03,471000,282600,2026-08-05
KR-00623,C-0304,Business,app,2026-08-03,471000,188400,2026-08-05
KR-00624,C-0273,Business,web,2026-09-17,1089000,653400,2026-09-19
KR-00624,C-0273,Business,web,2026-09-17,1089000,435600,2026-09-19
KR-00625,C-0280,Business,store,2026-07-14,1776000,1065600,2026-07-16
KR-00625,C-0280,Business,store,2026-07-14,1776000,710400,2026-07-16
KR-00626,C-0304,Business,store,2026-08-06,1229000,737400,2026-08-08
KR-00626,C-0304,Business,store,2026-08-06,1229000,491600,2026-08-08
KR-00627,C-0281,Business,app,2026-09-10,301000,180600,2026-09-12
KR-00627,C-0281,Business,app,2026-09-10,301000,120400,2026-09-12
KR-00628,C-0295,Business,store,2026-07-27,555000,333000,2026-07-28
KR-00628,C-0295,Business,store,2026-07-27,555000,222000,2026-07-28
KR-00629,C-0288,Business,web,2026-08-03,580000,348000,2026-08-05
KR-00629,C-0288,Business,web,2026-08-03,580000,232000,2026-08-05
KR-00630,C-0292,Business,web,2026-09-07,352000,211200,2026-09-09
KR-00630,C-0292,Business,web,2026-09-07,352000,140800,2026-09-09
KR-00631,C-0290,Business,store,2026-07-13,431000,258600,2026-07-15
KR-00631,C-0290,Business,store,2026-07-13,431000,172400,2026-07-15
KR-00632,C-0280,Business,app,2026-08-21,273000,163800,2026-08-23
KR-00632,C-0280,Business,app,2026-08-21,273000,109200,2026-08-23
KR-00633,C-0276,Business,store,2026-09-12,972000,583200,2026-09-14
KR-00633,C-0276,Business,store,2026-09-12,972000,388800,2026-09-14
KR-00634,C-0274,Business,web,2026-07-07,1001000,600600,2026-07-09
KR-00634,C-0274,Business,web,2026-07-07,1001000,400400,2026-07-09
KR-00635,C-0295,Business,app,2026-08-14,433000,259800,2026-08-16
KR-00635,C-0295,Business,app,2026-08-14,433000,173200,2026-08-16
KR-00636,C-0283,Business,app,2026-09-15,1778000,1066800,2026-09-17
KR-00636,C-0283,Business,app,2026-09-15,1778000,711200,2026-09-17
KR-00637,C-0288,Business,store,2026-07-26,1428000,856800,2026-07-28
KR-00637,C-0288,Business,store,2026-07-26,1428000,571200,2026-07-28
KR-00638,C-0303,Business,app,2026-08-13,573000,343800,2026-08-15
KR-00638,C-0303,Business,app,2026-08-13,573000,229200,2026-08-15
KR-00639,C-0273,Business,web,2026-09-24,1484000,890400,2026-09-26
KR-00639,C-0273,Business,web,2026-09-24,1484000,593600,2026-09-26
KR-00640,C-0307,Business,store,2026-07-16,1025000,615000,2026-07-18
KR-00640,C-0307,Business,store,2026-07-16,1025000,410000,2026-07-18
KR-00641,C-0290,Business,store,2026-08-11,763000,457800,2026-08-13
KR-00641,C-0290,Business,store,2026-08-11,763000,305200,2026-08-13
KR-00642,C-0279,Business,web,2026-09-04,525000,315000,2026-09-06
KR-00642,C-0279,Business,web,2026-09-04,525000,210000,2026-09-06
KR-00643,C-0307,Business,store,2026-07-23,832000,499200,2026-07-25
KR-00643,C-0307,Business,store,2026-07-23,832000,332800,2026-07-25
KR-00644,C-0302,Business,web,2026-08-05,225000,135000,2026-08-07
KR-00644,C-0302,Business,web,2026-08-05,225000,90000,2026-08-07
KR-00645,C-0275,Business,store,2026-09-19,803000,481800,2026-09-21
KR-00645,C-0275,Business,store,2026-09-19,803000,321200,2026-09-21
KR-00646,C-0272,Business,app,2026-07-11,533000,319800,2026-07-13
KR-00646,C-0272,Business,app,2026-07-11,533000,213200,2026-07-13
KR-00647,C-0308,Business,app,2026-08-01,573000,343800,2026-08-03
KR-00647,C-0308,Business,app,2026-08-01,573000,229200,2026-08-03
KR-00648,C-0275,Business,web,2026-09-11,468000,280800,2026-09-13
KR-00648,C-0275,Business,web,2026-09-11,468000,187200,2026-09-13
KR-00649,C-0305,Business,app,2026-07-15,1561000,936600,2026-07-17
KR-00649,C-0305,Business,app,2026-07-15,1561000,624400,2026-07-17
KR-00650,C-0279,Business,store,2026-08-01,1785000,1071000,2026-08-03
KR-00650,C-0279,Business,store,2026-08-01,1785000,714000,2026-08-03
KR-00651,C-0293,Business,web,2026-09-27,1187000,712200,2026-09-28
KR-00651,C-0293,Business,web,2026-09-27,1187000,474800,2026-09-28
KR-00652,C-0277,Business,app,2026-07-23,1251000,750600,2026-07-25
KR-00652,C-0277,Business,app,2026-07-23,1251000,500400,2026-07-25
KR-00653,C-0277,Business,web,2026-08-16,804000,482400,2026-08-18
KR-00653,C-0277,Business,web,2026-08-16,804000,321600,2026-08-18
KR-00654,C-0278,Business,store,2026-09-14,1791000,1074600,2026-09-16
KR-00654,C-0278,Business,store,2026-09-14,1791000,716400,2026-09-16
KR-00655,C-0276,Business,web,2026-07-11,408000,244800,2026-07-13
KR-00655,C-0276,Business,web,2026-07-11,408000,163200,2026-07-13
KR-00656,C-0305,Business,store,2026-08-17,983000,589800,2026-08-19
KR-00656,C-0305,Business,store,2026-08-17,983000,393200,2026-08-19
KR-00657,C-0306,Business,web,2026-09-05,1737000,1042200,2026-09-07
KR-00657,C-0306,Business,web,2026-09-05,1737000,694800,2026-09-07
KR-00658,C-0279,Business,store,2026-07-08,256000,153600,2026-07-10
KR-00658,C-0279,Business,store,2026-07-08,256000,102400,2026-07-10
KR-00659,C-0275,Business,web,2026-08-04,1173000,703800,2026-08-06
KR-00659,C-0275,Business,web,2026-08-04,1173000,469200,2026-08-06
KR-00660,C-0282,Business,app,2026-09-25,657000,394200,2026-09-27
KR-00660,C-0282,Business,app,2026-09-25,657000,262800,2026-09-27
KR-00661,C-0309,Business,store,2026-07-28,1158000,694800,2026-07-28
KR-00661,C-0309,Business,store,2026-07-28,1158000,463200,2026-07-28
KR-00662,C-0286,Business,store,2026-08-09,1007000,604200,2026-08-11
KR-00662,C-0286,Business,store,2026-08-09,1007000,402800,2026-08-11
KR-00663,C-0288,Business,app,2026-09-11,426000,255600,2026-09-13
KR-00663,C-0288,Business,app,2026-09-11,426000,170400,2026-09-13
KR-00664,C-0309,Business,app,2026-07-27,288000,172800,2026-07-28
KR-00664,C-0309,Business,app,2026-07-27,288000,115200,2026-07-28
KR-00665,C-0296,Business,app,2026-08-07,1254000,752400,2026-08-09
KR-00665,C-0296,Business,app,2026-08-07,1254000,501600,2026-08-09
KR-00666,C-0275,Business,web,2026-09-20,214000,128400,2026-09-22
KR-00666,C-0275,Business,web,2026-09-20,214000,85600,2026-09-22
KR-00667,C-0286,Business,app,2026-07-13,19857600,11914560,2026-07-15
KR-00667,C-0286,Business,app,2026-07-13,19857600,7943040,2026-07-15
KR-00668,C-0161,Retail-Plus,app,2026-07-12,4200,2520,2026-07-14
KR-00668,C-0161,Retail-Plus,app,2026-07-12,4200,1680,2026-07-14
KR-00669,C-0161,Retail-Plus,web,2026-08-13,3100,1860,2026-08-15
KR-00669,C-0161,Retail-Plus,web,2026-08-13,3100,1240,2026-08-15
KR-00670,C-0161,Retail-Plus,app,2026-09-14,1900,1900,2026-09-16
KR-00671,C-0171,Retail-Plus,web,2026-07-12,3800,2280,2026-07-14
KR-00671,C-0171,Retail-Plus,web,2026-07-12,3800,1520,2026-07-14
KR-00672,C-0171,Retail-Plus,app,2026-08-13,2600,2600,2026-08-15
KR-00673,C-0171,Retail-Plus,web,2026-09-14,1400,1400,2026-09-16
KR-00674,C-0175,Retail-Plus,web,2026-07-12,4400,2640,2026-07-14
KR-00674,C-0175,Retail-Plus,web,2026-07-12,4400,1760,2026-07-14
KR-00675,C-0175,Retail-Plus,store,2026-08-13,2900,1740,2026-08-15
KR-00675,C-0175,Retail-Plus,store,2026-08-13,2900,1160,2026-08-15
KR-00676,C-0175,Retail-Plus,web,2026-09-14,1600,1600,2026-09-16
KR-00677,C-0213,Retail-Plus,store,2026-07-16,2290,2290,2026-07-18
KR-00678,C-0212,Retail-Plus,store,2026-08-05,1230,1230,2026-08-07
KR-00679,C-0239,Retail-Plus,store,2026-09-20,2670,2670,2026-09-22
KR-00680,C-0164,Retail-Plus,app,2026-07-28,4170,2502,2026-07-28
KR-00680,C-0164,Retail-Plus,app,2026-07-28,4170,1668,2026-07-28
KR-00681,C-0263,Retail-Plus,app,2026-08-21,3690,2214,2026-08-23
KR-00681,C-0263,Retail-Plus,app,2026-08-21,3690,1476,2026-08-23
KR-00682,C-0160,Retail-Plus,store,2026-09-19,2520,2520,2026-09-21
KR-00683,C-0211,Retail-Plus,store,2026-07-16,4360,2616,2026-07-18
KR-00683,C-0211,Retail-Plus,store,2026-07-16,4360,1744,2026-07-18
KR-00684,C-0181,Retail-Plus,web,2026-08-11,2430,2430,2026-08-13
KR-00685,C-0197,Retail-Plus,store,2026-09-23,3600,2160,2026-09-25
KR-00685,C-0197,Retail-Plus,store,2026-09-23,3600,1440,2026-09-25
KR-00686,C-0238,Retail-Plus,app,2026-07-19,2400,2400,2026-07-21
KR-00687,C-0234,Retail-Plus,store,2026-08-19,2930,1758,2026-08-21
KR-00687,C-0234,Retail-Plus,store,2026-08-19,2930,1172,2026-08-21
KR-00688,C-0213,Retail-Plus,app,2026-09-05,1920,1920,2026-09-07
KR-00689,C-0216,Retail-Plus,app,2026-07-23,4300,2580,2026-07-25
KR-00689,C-0216,Retail-Plus,app,2026-07-23,4300,1720,2026-07-25
KR-00690,C-0184,Retail-Plus,app,2026-08-26,3490,2094,2026-08-28
KR-00690,C-0184,Retail-Plus,app,2026-08-26,3490,1396,2026-08-28
KR-00691,C-0269,Retail-Plus,store,2026-09-11,1700,1700,2026-09-13
KR-00692,C-0181,Retail-Plus,app,2026-07-05,3340,2004,2026-07-07
KR-00692,C-0181,Retail-Plus,app,2026-07-05,3340,1336,2026-07-07
KR-00693,C-0222,Retail-Plus,web,2026-08-12,2820,1692,2026-08-14
KR-00693,C-0222,Retail-Plus,web,2026-08-12,2820,1128,2026-08-14
KR-00694,C-0159,Retail-Plus,web,2026-09-21,1660,1660,2026-09-23
KR-00695,C-0154,Retail-Plus,app,2026-07-17,3220,1932,2026-07-19
KR-00695,C-0154,Retail-Plus,app,2026-07-17,3220,1288,2026-07-19
KR-00696,C-0157,Retail-Plus,web,2026-08-14,2200,2200,2026-08-16
KR-00697,C-0186,Retail-Plus,store,2026-09-07,1570,1570,2026-09-09
KR-00698,C-0155,Retail-Plus,app,2026-07-19,4410,2646,2026-07-21
KR-00698,C-0155,Retail-Plus,app,2026-07-19,4410,1764,2026-07-21
KR-00699,C-0189,Retail-Plus,store,2026-08-13,3480,2088,2026-08-15
KR-00699,C-0189,Retail-Plus,store,2026-08-13,3480,1392,2026-08-15
KR-00700,C-0194,Retail-Plus,web,2026-09-21,3570,2142,2026-09-23
KR-00700,C-0194,Retail-Plus,web,2026-09-21,3570,1428,2026-09-23
KR-00701,C-0198,Retail-Plus,app,2026-07-03,1850,1850,2026-07-05
KR-00702,C-0183,Retail-Plus,app,2026-08-05,1280,1280,2026-08-07
KR-00703,C-0224,Retail-Plus,store,2026-09-01,3920,2352,2026-09-03
KR-00703,C-0224,Retail-Plus,store,2026-09-01,3920,1568,2026-09-03
KR-00704,C-0187,Retail-Plus,store,2026-07-07,2530,2530,2026-07-09
KR-00705,C-0206,Retail-Plus,app,2026-08-04,3480,2088,2026-08-06
KR-00705,C-0206,Retail-Plus,app,2026-08-04,3480,1392,2026-08-06
KR-00706,C-0212,Retail-Plus,app,2026-09-09,3190,1914,2026-09-11
KR-00706,C-0212,Retail-Plus,app,2026-09-09,3190,1276,2026-09-11
KR-00707,C-0177,Retail-Plus,web,2026-07-24,4350,2610,2026-07-26
KR-00707,C-0177,Retail-Plus,web,2026-07-24,4350,1740,2026-07-26
KR-00708,C-0153,Retail-Plus,web,2026-08-02,1730,1730,2026-08-04
KR-00709,C-0154,Retail-Plus,store,2026-09-12,4150,2490,2026-09-14
KR-00709,C-0154,Retail-Plus,store,2026-09-12,4150,1660,2026-09-14
KR-00710,C-0236,Retail-Plus,store,2026-07-17,4500,2700,2026-07-19
KR-00710,C-0236,Retail-Plus,store,2026-07-17,4500,1800,2026-07-19
KR-00711,C-0173,Retail-Plus,web,2026-08-13,4320,2592,2026-08-15
KR-00711,C-0173,Retail-Plus,web,2026-08-13,4320,1728,2026-08-15
KR-00712,C-0167,Retail-Plus,store,2026-09-14,3480,2088,2026-09-16
KR-00712,C-0167,Retail-Plus,store,2026-09-14,3480,1392,2026-09-16
KR-00713,C-0156,Retail-Plus,store,2026-07-22,3240,1944,2026-07-24
KR-00713,C-0156,Retail-Plus,store,2026-07-22,3240,1296,2026-07-24
KR-00714,C-0238,Retail-Plus,store,2026-08-21,1410,1410,2026-08-23
KR-00715,C-0156,Retail-Plus,app,2026-09-11,4120,2472,2026-09-13
KR-00715,C-0156,Retail-Plus,app,2026-09-11,4120,1648,2026-09-13
KR-00716,C-0188,Retail-Plus,store,2026-07-02,2660,2660,2026-07-04
KR-00717,C-0151,Retail-Plus,app,2026-08-28,2540,2540,2026-08-28
KR-00718,C-0170,Retail-Plus,web,2026-09-08,3990,2394,2026-09-10
KR-00718,C-0170,Retail-Plus,web,2026-09-08,3990,1596,2026-09-10
KR-00719,C-0248,Retail-Plus,store,2026-07-10,3970,2382,2026-07-12
KR-00719,C-0248,Retail-Plus,store,2026-07-10,3970,1588,2026-07-12
KR-00720,C-0197,Retail-Plus,web,2026-08-06,1820,1820,2026-08-08
KR-00721,C-0240,Retail-Plus,web,2026-09-04,4040,2424,2026-09-06
KR-00721,C-0240,Retail-Plus,web,2026-09-04,4040,1616,2026-09-06
KR-00722,C-0242,Retail-Plus,app,2026-07-12,3350,2010,2026-07-14
KR-00722,C-0242,Retail-Plus,app,2026-07-12,3350,1340,2026-07-14
KR-00723,C-0188,Retail-Plus,web,2026-08-23,4380,2628,2026-08-25
KR-00723,C-0188,Retail-Plus,web,2026-08-23,4380,1752,2026-08-25
KR-00724,C-0239,Retail-Plus,web,2026-09-15,4000,2400,2026-09-17
KR-00724,C-0239,Retail-Plus,web,2026-09-15,4000,1600,2026-09-17
KR-00725,C-0183,Retail-Plus,web,2026-07-13,4150,2490,2026-07-15
KR-00725,C-0183,Retail-Plus,web,2026-07-13,4150,1660,2026-07-15
KR-00726,C-0167,Retail-Plus,store,2026-08-17,3220,1932,2026-08-19
KR-00726,C-0167,Retail-Plus,store,2026-08-17,3220,1288,2026-08-19
KR-00727,C-0152,Retail-Plus,app,2026-09-05,3350,2010,2026-09-07
KR-00727,C-0152,Retail-Plus,app,2026-09-05,3350,1340,2026-09-07
KR-00728,C-0183,Retail-Plus,web,2026-07-21,1710,1710,2026-07-23
KR-00729,C-0151,Retail-Plus,app,2026-08-04,4350,2610,2026-08-06
KR-00729,C-0151,Retail-Plus,app,2026-08-04,4350,1740,2026-08-06
KR-00730,C-0254,Retail-Plus,web,2026-09-04,2230,2230,2026-09-06
KR-00731,C-0269,Retail-Plus,web,2026-07-05,3430,2058,2026-07-07
KR-00731,C-0269,Retail-Plus,web,2026-07-05,3430,1372,2026-07-07
KR-00732,C-0169,Retail-Plus,app,2026-08-17,2140,2140,2026-08-19
KR-00733,C-0169,Retail-Plus,web,2026-09-20,2200,2200,2026-09-22
KR-00734,C-0185,Retail-Plus,web,2026-07-18,1900,1900,2026-07-20
KR-00735,C-0155,Retail-Plus,web,2026-08-16,2740,2740,2026-08-18
KR-00736,C-0205,Retail-Plus,web,2026-09-21,1990,1990,2026-09-23
KR-00737,C-0191,Retail-Plus,store,2026-07-26,2210,2210,2026-07-28
KR-00738,C-0224,Retail-Plus,app,2026-08-25,3790,2274,2026-08-27
KR-00738,C-0224,Retail-Plus,app,2026-08-25,3790,1516,2026-08-27
KR-00739,C-0185,Retail-Plus,web,2026-09-02,1450,1450,2026-09-04
KR-00740,C-0181,Retail-Plus,web,2026-07-11,1350,1350,2026-07-13
KR-00741,C-0239,Retail-Plus,store,2026-08-23,3370,2022,2026-08-25
KR-00741,C-0239,Retail-Plus,store,2026-08-23,3370,1348,2026-08-25
KR-00742,C-0231,Retail-Plus,web,2026-09-01,1340,1340,2026-09-03
KR-00743,C-0212,Retail-Plus,app,2026-07-16,4130,2478,2026-07-18
KR-00743,C-0212,Retail-Plus,app,2026-07-16,4130,1652,2026-07-18
KR-00744,C-0196,Retail-Plus,store,2026-08-14,2380,2380,2026-08-16
KR-00745,C-0219,Retail-Plus,app,2026-09-16,1920,1920,2026-09-18
KR-00746,C-0165,Retail-Plus,web,2026-07-03,3110,1866,2026-07-05
KR-00746,C-0165,Retail-Plus,web,2026-07-03,3110,1244,2026-07-05
KR-00747,C-0164,Retail-Plus,app,2026-08-03,3490,2094,2026-08-05
KR-00747,C-0164,Retail-Plus,app,2026-08-03,3490,1396,2026-08-05
KR-00748,C-0245,Retail-Plus,web,2026-09-04,1590,1590,2026-09-06
KR-00749,C-0270,Retail-Plus,web,2026-07-17,4330,2598,2026-07-19
KR-00749,C-0270,Retail-Plus,web,2026-07-17,4330,1732,2026-07-19
KR-00750,C-0181,Retail-Plus,store,2026-08-13,1580,1580,2026-08-15
KR-00751,C-0252,Retail-Plus,app,2026-09-16,3150,1890,2026-09-18
KR-00751,C-0252,Retail-Plus,app,2026-09-16,3150,1260,2026-09-18
KR-00752,C-0168,Retail-Plus,store,2026-07-21,3720,2232,2026-07-23
KR-00752,C-0168,Retail-Plus,store,2026-07-21,3720,1488,2026-07-23
KR-00753,C-0170,Retail-Plus,store,2026-08-21,4150,2490,2026-08-23
KR-00753,C-0170,Retail-Plus,store,2026-08-21,4150,1660,2026-08-23
KR-00754,C-0174,Retail-Plus,web,2026-09-12,3780,2268,2026-09-14
KR-00754,C-0174,Retail-Plus,web,2026-09-12,3780,1512,2026-09-14
KR-00755,C-0184,Retail-Plus,app,2026-07-25,4090,2454,2026-07-27
KR-00755,C-0184,Retail-Plus,app,2026-07-25,4090,1636,2026-07-27
KR-00756,C-0186,Retail-Plus,web,2026-08-27,2500,2500,2026-08-28
KR-00757,C-0261,Retail-Plus,app,2026-09-27,1940,1940,2026-09-28
KR-00758,C-0244,Retail-Plus,store,2026-07-12,1300,1300,2026-07-14
KR-00759,C-0205,Retail-Plus,app,2026-08-13,3410,2046,2026-08-15
KR-00759,C-0205,Retail-Plus,app,2026-08-13,3410,1364,2026-08-15
KR-00760,C-0194,Retail-Plus,store,2026-09-15,2740,2740,2026-09-17
KR-00761,C-0170,Retail-Plus,web,2026-07-22,2520,2520,2026-07-24
KR-00762,C-0166,Retail-Plus,store,2026-08-07,1520,1520,2026-08-09
KR-00763,C-0212,Retail-Plus,store,2026-09-22,2110,2110,2026-09-24
KR-00764,C-0172,Retail-Plus,web,2026-07-02,3030,1818,2026-07-04
KR-00764,C-0172,Retail-Plus,web,2026-07-02,3030,1212,2026-07-04
KR-00765,C-0160,Retail-Plus,web,2026-08-27,4160,2496,2026-08-28
KR-00765,C-0160,Retail-Plus,web,2026-08-27,4160,1664,2026-08-28
KR-00766,C-0219,Retail-Plus,store,2026-09-28,4470,2682,2026-09-28
KR-00766,C-0219,Retail-Plus,store,2026-09-28,4470,1788,2026-09-28
KR-00767,C-0170,Retail-Plus,app,2026-07-25,3930,2358,2026-07-27
KR-00767,C-0170,Retail-Plus,app,2026-07-25,3930,1572,2026-07-27
KR-00768,C-0179,Retail-Plus,store,2026-08-06,4150,2490,2026-08-08
KR-00768,C-0179,Retail-Plus,store,2026-08-06,4150,1660,2026-08-08
KR-00769,C-0264,Retail-Plus,web,2026-09-20,3540,2124,2026-09-22
KR-00769,C-0264,Retail-Plus,web,2026-09-20,3540,1416,2026-09-22
KR-00770,C-0190,Retail-Plus,web,2026-07-27,2670,2670,2026-07-28
KR-00771,C-0162,Retail-Plus,app,2026-08-04,3600,2160,2026-08-06
KR-00771,C-0162,Retail-Plus,app,2026-08-04,3600,1440,2026-08-06
KR-00772,C-0216,Retail-Plus,store,2026-09-20,2540,2540,2026-09-22
KR-00773,C-0164,Retail-Plus,web,2026-07-02,3090,1854,2026-07-04
KR-00773,C-0164,Retail-Plus,web,2026-07-02,3090,1236,2026-07-04
KR-00774,C-0208,Retail-Plus,app,2026-08-04,2810,1686,2026-08-06
KR-00774,C-0208,Retail-Plus,app,2026-08-04,2810,1124,2026-08-06
KR-00775,C-0229,Retail-Plus,app,2026-09-05,2330,2330,2026-09-07
KR-00776,C-0238,Retail-Plus,store,2026-07-11,2060,2060,2026-07-13
KR-00777,C-0188,Retail-Plus,store,2026-08-08,2560,2560,2026-08-10
KR-00778,C-0259,Retail-Plus,web,2026-09-05,3200,1920,2026-09-07
KR-00778,C-0259,Retail-Plus,web,2026-09-05,3200,1280,2026-09-07
KR-00779,C-0167,Retail-Plus,web,2026-07-02,3690,2214,2026-07-04
KR-00779,C-0167,Retail-Plus,web,2026-07-02,3690,1476,2026-07-04
KR-00780,C-0158,Retail-Plus,web,2026-08-11,2190,2190,2026-08-13
KR-00781,C-0237,Retail-Plus,store,2026-09-12,2030,2030,2026-09-14
KR-00782,C-0151,Retail-Plus,app,2026-07-22,2250,2250,2026-07-24
KR-00783,C-0170,Retail-Plus,store,2026-08-24,3240,1944,2026-08-26
KR-00783,C-0170,Retail-Plus,store,2026-08-24,3240,1296,2026-08-26
KR-00784,C-0170,Retail-Plus,store,2026-09-15,3910,2346,2026-09-17
KR-00784,C-0170,Retail-Plus,store,2026-09-15,3910,1564,2026-09-17
KR-00785,C-0152,Retail-Plus,app,2026-07-23,1610,1610,2026-07-25
KR-00786,C-0197,Retail-Plus,app,2026-08-07,4380,2628,2026-08-09
KR-00786,C-0197,Retail-Plus,app,2026-08-07,4380,1752,2026-08-09
KR-00787,C-0240,Retail-Plus,store,2026-09-06,1710,1710,2026-09-08
KR-00788,C-0152,Retail-Plus,app,2026-07-07,3950,2370,2026-07-09
KR-00788,C-0152,Retail-Plus,app,2026-07-07,3950,1580,2026-07-09
KR-00789,C-0156,Retail-Plus,store,2026-08-20,2360,2360,2026-08-22
KR-00790,C-0163,Retail-Plus,web,2026-09-05,1220,1220,2026-09-07
KR-00791,C-0160,Retail-Plus,store,2026-07-15,3180,1908,2026-07-17
KR-00791,C-0160,Retail-Plus,store,2026-07-15,3180,1272,2026-07-17
KR-00792,C-0151,Retail-Plus,app,2026-08-04,1770,1770,2026-08-06
KR-00793,C-0152,Retail-Plus,store,2026-09-21,3530,2118,2026-09-23
KR-00793,C-0152,Retail-Plus,store,2026-09-21,3530,1412,2026-09-23
KR-00794,C-0180,Retail-Plus,web,2026-07-24,3810,2286,2026-07-26
KR-00794,C-0180,Retail-Plus,web,2026-07-24,3810,1524,2026-07-26
KR-00795,C-0156,Retail-Plus,web,2026-08-02,2470,2470,2026-08-04
KR-00796,C-0153,Retail-Plus,app,2026-09-26,1920,1920,2026-09-28
KR-00797,C-0168,Retail-Plus,web,2026-07-20,3200,1920,2026-07-22
KR-00797,C-0168,Retail-Plus,web,2026-07-20,3200,1280,2026-07-22
KR-00798,C-0167,Retail-Plus,app,2026-08-19,4210,2526,2026-08-21
KR-00798,C-0167,Retail-Plus,app,2026-08-19,4210,1684,2026-08-21
KR-00799,C-0211,Retail-Plus,app,2026-09-06,1970,1970,2026-09-08
KR-00800,C-0249,Retail-Plus,app,2026-07-19,1570,1570,2026-07-21
KR-00801,C-0180,Retail-Plus,web,2026-08-26,4280,2568,2026-08-28
KR-00801,C-0180,Retail-Plus,web,2026-08-26,4280,1712,2026-08-28
KR-00802,C-0231,Retail-Plus,app,2026-09-11,3570,2142,2026-09-13
KR-00802,C-0231,Retail-Plus,app,2026-09-11,3570,1428,2026-09-13
KR-00803,C-0243,Retail-Plus,store,2026-07-03,1350,1350,2026-07-05
KR-00804,C-0265,Retail-Plus,app,2026-08-28,2980,1788,2026-08-28
KR-00804,C-0265,Retail-Plus,app,2026-08-28,2980,1192,2026-08-28
KR-00805,C-0160,Retail-Plus,web,2026-09-08,3840,2304,2026-09-10
KR-00805,C-0160,Retail-Plus,web,2026-09-08,3840,1536,2026-09-10
KR-00806,C-0251,Retail-Plus,web,2026-07-14,4490,2694,2026-07-16
KR-00806,C-0251,Retail-Plus,web,2026-07-14,4490,1796,2026-07-16
KR-00807,C-0157,Retail-Plus,web,2026-08-05,4010,2406,2026-08-07
KR-00807,C-0157,Retail-Plus,web,2026-08-05,4010,1604,2026-08-07
KR-00808,C-0003,Retail-Core,app,2026-07-16,2630,2630,2026-07-18
KR-00809,C-0044,Retail-Core,store,2026-08-14,1370,1370,2026-08-16
KR-00810,C-0047,Retail-Core,app,2026-09-27,2770,2770,2026-09-28
KR-00811,C-0090,Retail-Core,web,2026-07-14,1900,1900,2026-07-16
KR-00812,C-0136,Retail-Core,app,2026-08-22,1340,1340,2026-08-24
KR-00813,C-0039,Retail-Core,store,2026-09-18,1110,1110,2026-09-20
KR-00814,C-0011,Retail-Core,app,2026-07-27,1610,1610,2026-07-28
KR-00815,C-0006,Retail-Core,app,2026-08-28,1770,1770,2026-08-28
KR-00816,C-0031,Retail-Core,app,2026-09-16,1960,1960,2026-09-18
KR-00817,C-0031,Retail-Core,store,2026-07-19,2790,1674,2026-07-21
KR-00817,C-0031,Retail-Core,store,2026-07-19,2790,1116,2026-07-21
KR-00818,C-0041,Retail-Core,app,2026-08-09,830,830,2026-08-11
KR-00818,C-0041,Retail-Core,app,2026-08-09,830,830,2026-08-11
KR-00819,C-0040,Retail-Core,app,2026-09-12,2590,2590,2026-09-14
KR-00820,C-0010,Retail-Core,app,2026-07-10,1000,1000,2026-07-12
KR-00821,C-0080,Retail-Core,store,2026-08-26,1020,1020,2026-08-28
KR-00822,C-0011,Retail-Core,store,2026-09-27,1390,1390,2026-09-28
KR-00823,C-0030,Retail-Core,web,2026-07-12,950,950,2026-07-14
KR-00824,C-0035,Retail-Core,app,2026-08-27,2080,2080,2026-08-28
KR-00825,C-0018,Retail-Core,web,2026-09-09,1610,1610,2026-09-11
KR-00826,C-0040,Retail-Core,app,2026-07-07,830,830,2026-07-09
KR-00826,C-0040,Retail-Core,app,2026-07-07,830,830,2026-07-09
KR-00827,C-0079,Retail-Core,store,2026-08-26,950,950,2026-08-28
KR-00828,C-0046,Retail-Core,web,2026-09-09,1730,1730,2026-09-11
KR-00829,C-0109,Retail-Core,app,2026-07-19,930,930,2026-07-21
KR-00830,C-0024,Retail-Core,store,2026-08-05,2920,1752,2026-08-07
KR-00830,C-0024,Retail-Core,store,2026-08-05,2920,1168,2026-08-07
KR-00831,C-0111,Retail-Core,app,2026-09-24,1450,1450,2026-09-26
KR-00832,C-0124,Retail-Core,app,2026-07-22,2920,1752,2026-07-24
KR-00832,C-0124,Retail-Core,app,2026-07-22,2920,1168,2026-07-24
KR-00833,C-0071,Retail-Core,web,2026-08-03,2750,2750,2026-08-05
KR-00834,C-0029,Retail-Core,app,2026-09-08,840,840,2026-09-10
KR-00834,C-0029,Retail-Core,app,2026-09-08,840,840,2026-09-10
KR-00835,C-0039,Retail-Core,app,2026-07-08,1910,1910,2026-07-10
KR-00836,C-0030,Retail-Core,web,2026-08-22,1960,1960,2026-08-24
KR-00837,C-0017,Retail-Core,web,2026-09-05,1200,1200,2026-09-07
KR-00838,C-0039,Retail-Core,store,2026-07-20,1270,1270,2026-07-22
KR-00839,C-0035,Retail-Core,web,2026-08-03,1140,1140,2026-08-05
KR-00840,C-0147,Retail-Core,app,2026-09-08,2250,2250,2026-09-10
KR-00841,C-0039,Retail-Core,web,2026-07-17,2810,1686,2026-07-19
KR-00841,C-0039,Retail-Core,web,2026-07-17,2810,1124,2026-07-19
KR-00842,C-0006,Retail-Core,app,2026-08-09,2720,2720,2026-08-11
KR-00843,C-0118,Retail-Core,app,2026-09-12,1300,1300,2026-09-14
KR-00844,C-0047,Retail-Core,web,2026-07-18,2730,2730,2026-07-20
KR-00845,C-0108,Retail-Core,store,2026-08-12,1370,1370,2026-08-14
KR-00846,C-0041,Retail-Core,web,2026-09-04,1870,1870,2026-09-06
KR-00847,C-0043,Retail-Core,store,2026-07-02,2150,2150,2026-07-04
KR-00848,C-0042,Retail-Core,app,2026-08-22,2810,1686,2026-08-24
KR-00848,C-0042,Retail-Core,app,2026-08-22,2810,1124,2026-08-24
KR-00849,C-0023,Retail-Core,web,2026-09-10,2010,2010,2026-09-12
KR-00850,C-0040,Retail-Core,app,2026-07-21,2510,2510,2026-07-23
KR-00851,C-0044,Retail-Core,web,2026-08-18,1880,1880,2026-08-20
KR-00852,C-0052,Retail-Core,web,2026-09-19,1210,1210,2026-09-21
KR-00853,C-0042,Retail-Core,store,2026-07-22,2150,2150,2026-07-24
KR-00854,C-0007,Retail-Core,app,2026-08-11,980,980,2026-08-13
KR-00855,C-0040,Retail-Core,web,2026-09-06,820,820,2026-09-08
KR-00855,C-0040,Retail-Core,web,2026-09-06,820,820,2026-09-08
KR-00856,C-0049,Retail-Core,web,2026-07-08,2690,2690,2026-07-10
KR-00857,C-0003,Retail-Core,web,2026-08-15,810,810,2026-08-17
KR-00857,C-0003,Retail-Core,web,2026-08-15,810,810,2026-08-17
KR-00858,C-0112,Retail-Core,app,2026-09-15,1290,1290,2026-09-17
KR-00859,C-0002,Retail-Core,app,2026-07-05,2670,2670,2026-07-07
KR-00860,C-0128,Retail-Core,app,2026-08-17,1910,1910,2026-08-19
KR-00861,C-0034,Retail-Core,store,2026-09-22,1760,1760,2026-09-24
KR-00862,C-0010,Retail-Core,web,2026-07-16,1830,1830,2026-07-18
KR-00863,C-0098,Retail-Core,app,2026-08-07,2030,2030,2026-08-09
KR-00864,C-0035,Retail-Core,store,2026-09-15,2430,2430,2026-09-17
KR-00865,C-0053,Retail-Core,store,2026-07-10,1410,1410,2026-07-12
KR-00866,C-0060,Retail-Core,store,2026-08-04,2980,1788,2026-08-06
KR-00866,C-0060,Retail-Core,store,2026-08-04,2980,1192,2026-08-06
KR-00867,C-0007,Retail-Core,store,2026-09-02,2120,2120,2026-09-04
KR-00868,C-0070,Retail-Core,store,2026-07-17,1470,1470,2026-07-19
KR-00869,C-0036,Retail-Core,store,2026-08-14,1340,1340,2026-08-16
KR-00870,C-0024,Retail-Core,store,2026-09-10,1270,1270,2026-09-12
KR-00871,C-0104,Retail-Core,store,2026-07-28,1130,1130,2026-07-28
KR-00872,C-0126,Retail-Core,store,2026-08-10,2130,2130,2026-08-12
KR-00873,C-0037,Retail-Core,web,2026-09-07,840,840,2026-09-09
KR-00873,C-0037,Retail-Core,web,2026-09-07,840,840,2026-09-09
KR-00874,C-0137,Retail-Core,store,2026-07-06,2520,2520,2026-07-08
KR-00875,C-0085,Retail-Core,store,2026-08-25,1540,1540,2026-08-27
KR-00876,C-0117,Retail-Core,app,2026-09-24,1400,1400,2026-09-26
KR-00877,C-0032,Retail-Core,store,2026-07-08,1850,1850,2026-07-10
KR-00878,C-0027,Retail-Core,web,2026-08-13,1120,1120,2026-08-15
KR-00879,C-0041,Retail-Core,app,2026-09-28,1740,1740,2026-09-28
KR-00880,C-0054,Retail-Core,store,2026-07-08,1910,1910,2026-07-10
KR-00881,C-0049,Retail-Core,store,2026-08-12,2550,2550,2026-08-14
KR-00882,C-0019,Retail-Core,store,2026-09-04,1140,1140,2026-09-06
KR-00883,C-0131,Retail-Core,web,2026-07-03,2650,2650,2026-07-05
KR-00884,C-0026,Retail-Core,web,2026-08-13,2610,2610,2026-08-15
KR-00885,C-0016,Retail-Core,store,2026-09-10,2550,2550,2026-09-12
KR-00886,C-0056,Retail-Core,app,2026-07-07,1970,1970,2026-07-09
KR-00887,C-0021,Retail-Core,app,2026-08-01,950,950,2026-08-03
KR-00888,C-0072,Retail-Core,app,2026-09-03,2990,1794,2026-09-05
KR-00888,C-0072,Retail-Core,app,2026-09-03,2990,1196,2026-09-05
KR-00889,C-0140,Retail-Core,web,2026-07-01,1850,1850,2026-07-03
KR-00890,C-0142,Retail-Core,web,2026-08-20,2850,1710,2026-08-22
KR-00890,C-0142,Retail-Core,web,2026-08-20,2850,1140,2026-08-22
KR-00891,C-0068,Retail-Core,store,2026-09-22,2650,2650,2026-09-24
KR-00892,C-0040,Retail-Core,web,2026-07-04,920,920,2026-07-06
KR-00892,C-0040,Retail-Core,web,2026-07-04,920,920,2026-07-06
KR-00893,C-0108,Retail-Core,store,2026-08-02,860,860,2026-08-04
KR-00893,C-0108,Retail-Core,store,2026-08-02,860,860,2026-08-04
KR-00894,C-0049,Retail-Core,store,2026-09-15,1260,1260,2026-09-17
KR-00895,C-0010,Retail-Core,web,2026-07-12,2920,1752,2026-07-14
KR-00895,C-0010,Retail-Core,web,2026-07-12,2920,1168,2026-07-14
KR-00896,C-0045,Retail-Core,app,2026-08-05,2690,2690,2026-08-07
KR-00897,C-0033,Retail-Core,app,2026-09-22,2880,1728,2026-09-24
KR-00897,C-0033,Retail-Core,app,2026-09-22,2880,1152,2026-09-24
KR-00898,C-0046,Retail-Core,store,2026-07-23,1670,1670,2026-07-25
KR-00899,C-0095,Retail-Core,app,2026-08-23,1470,1470,2026-08-25
KR-00900,C-0060,Retail-Core,app,2026-09-19,1140,1140,2026-09-21
KR-00901,C-0050,Retail-Core,store,2026-07-24,830,830,2026-07-26
KR-00901,C-0050,Retail-Core,store,2026-07-24,830,830,2026-07-26
KR-00902,C-0038,Retail-Core,store,2026-08-14,1680,1680,2026-08-16
KR-00903,C-0124,Retail-Core,app,2026-09-05,1230,1230,2026-09-07
KR-00904,C-0127,Retail-Core,web,2026-07-10,2030,2030,2026-07-12
KR-00905,C-0018,Retail-Core,app,2026-08-11,2830,1698,2026-08-13
KR-00905,C-0018,Retail-Core,app,2026-08-11,2830,1132,2026-08-13
KR-00906,C-0029,Retail-Core,store,2026-09-08,2060,2060,2026-09-10
KR-00907,C-0111,Retail-Core,app,2026-07-26,2810,1686,2026-07-28
KR-00907,C-0111,Retail-Core,app,2026-07-26,2810,1124,2026-07-28
KR-00908,C-0066,Retail-Core,app,2026-08-22,3000,1800,2026-08-24
KR-00908,C-0066,Retail-Core,app,2026-08-22,3000,1200,2026-08-24
KR-00909,C-0030,Retail-Core,app,2026-09-15,1270,1270,2026-09-17
KR-00910,C-0016,Retail-Core,web,2026-07-18,2280,2280,2026-07-20
KR-00911,C-0001,Retail-Core,app,2026-08-06,1200,1200,2026-08-08
KR-00912,C-0024,Retail-Core,web,2026-09-08,870,870,2026-09-10
KR-00912,C-0024,Retail-Core,web,2026-09-08,870,870,2026-09-10
KR-00913,C-0016,Retail-Core,web,2026-07-16,1950,1950,2026-07-18
KR-00914,C-0092,Retail-Core,app,2026-08-14,1980,1980,2026-08-16
KR-00915,C-0048,Retail-Core,web,2026-09-08,2870,1722,2026-09-10
KR-00915,C-0048,Retail-Core,web,2026-09-08,2870,1148,2026-09-10
KR-00916,C-0041,Retail-Core,store,2026-07-07,1010,1010,2026-07-09
KR-00917,C-0045,Retail-Core,app,2026-08-10,2510,2510,2026-08-12
KR-00918,C-0006,Retail-Core,store,2026-09-11,2230,2230,2026-09-13
KR-00919,C-0011,Retail-Core,store,2026-07-22,2240,2240,2026-07-24
KR-00920,C-0116,Retail-Core,web,2026-08-14,2630,2630,2026-08-16
KR-00921,C-0066,Retail-Core,app,2026-09-07,960,960,2026-09-09
KR-00922,C-0146,Retail-Core,app,2026-07-02,2050,2050,2026-07-04
KR-00923,C-0004,Retail-Core,web,2026-08-11,1410,1410,2026-08-13
KR-00924,C-0074,Retail-Core,store,2026-09-28,2810,1686,2026-09-28
KR-00924,C-0074,Retail-Core,store,2026-09-28,2810,1124,2026-09-28
KR-00925,C-0022,Retail-Core,web,2026-07-06,2220,2220,2026-07-08
KR-00926,C-0046,Retail-Core,web,2026-08-23,2790,1674,2026-08-25
KR-00926,C-0046,Retail-Core,web,2026-08-23,2790,1116,2026-08-25
KR-00927,C-0132,Retail-Core,app,2026-09-27,1920,1920,2026-09-28
KR-00928,C-0041,Retail-Core,web,2026-07-14,2990,1794,2026-07-16
KR-00928,C-0041,Retail-Core,web,2026-07-14,2990,1196,2026-07-16
KR-00929,C-0100,Retail-Core,store,2026-08-27,1840,1840,2026-08-28
KR-00930,C-0034,Retail-Core,app,2026-09-02,2050,2050,2026-09-04
KR-00931,C-0010,Retail-Core,store,2026-07-08,2090,2090,2026-07-10
KR-00932,C-0095,Retail-Core,app,2026-08-01,2600,2600,2026-08-03
KR-00933,C-0005,Retail-Core,store,2026-09-09,1910,1910,2026-09-11
KR-00934,C-0037,Retail-Core,web,2026-07-07,1700,1700,2026-07-09
KR-00935,C-0129,Retail-Core,app,2026-08-06,1620,1620,2026-08-08
KR-00936,C-0022,Retail-Core,web,2026-09-24,1300,1300,2026-09-26
KR-00937,C-0050,Retail-Core,store,2026-07-23,1820,1820,2026-07-25
KR-00938,C-0082,Retail-Core,web,2026-08-19,2340,2340,2026-08-21
KR-00939,C-0040,Retail-Core,app,2026-09-21,1110,1110,2026-09-23
KR-00940,C-0030,Retail-Core,web,2026-07-23,1620,1620,2026-07-25
KR-00941,C-0010,Retail-Core,web,2026-08-03,2810,1686,2026-08-05
KR-00941,C-0010,Retail-Core,web,2026-08-03,2810,1124,2026-08-05
KR-00942,C-0050,Retail-Core,web,2026-09-16,1320,1320,2026-09-18
KR-00943,C-0023,Retail-Core,app,2026-07-05,1320,1320,2026-07-07
KR-00944,C-0041,Retail-Core,store,2026-08-09,1770,1770,2026-08-11
KR-00945,C-0017,Retail-Core,store,2026-09-20,1900,1900,2026-09-22
KR-00946,C-0034,Retail-Core,store,2026-07-27,2930,1758,2026-07-28
KR-00946,C-0034,Retail-Core,store,2026-07-27,2930,1172,2026-07-28
KR-00947,C-0010,Retail-Core,store,2026-08-15,1270,1270,2026-08-17
KR-00948,C-0050,Retail-Core,web,2026-09-07,2760,2760,2026-09-09
KR-00949,C-0147,Retail-Core,store,2026-07-03,2530,2530,2026-07-05
KR-00950,C-0127,Retail-Core,store,2026-08-19,1000,1000,2026-08-21
KR-00951,C-0054,Retail-Core,app,2026-09-11,1090,1090,2026-09-13
KR-00952,C-0014,Retail-Core,web,2026-07-02,1050,1050,2026-07-04
KR-00953,C-0040,Retail-Core,store,2026-08-07,2890,1734,2026-08-09
KR-00953,C-0040,Retail-Core,store,2026-08-07,2890,1156,2026-08-09
KR-00954,C-0067,Retail-Core,app,2026-09-04,2120,2120,2026-09-06
KR-00955,C-0094,Retail-Core,app,2026-07-09,2910,1746,2026-07-11
KR-00955,C-0094,Retail-Core,app,2026-07-09,2910,1164,2026-07-11
KR-00956,C-0089,Retail-Core,app,2026-08-05,2380,2380,2026-08-07
KR-00957,C-0010,Retail-Core,web,2026-09-24,1990,1990,2026-09-26
KR-00958,C-0131,Retail-Core,app,2026-07-05,2050,2050,2026-07-07
KR-00959,C-0116,Retail-Core,app,2026-08-04,2140,2140,2026-08-06
KR-00960,C-0023,Retail-Core,app,2026-09-16,1240,1240,2026-09-18
KR-00961,C-0042,Retail-Core,web,2026-07-01,1730,1730,2026-07-03
KR-00962,C-0040,Retail-Core,store,2026-08-17,1880,1880,2026-08-19
KR-00963,C-0070,Retail-Core,store,2026-09-25,1260,1260,2026-09-27
KR-00964,C-0011,Retail-Core,store,2026-07-18,1220,0,
KR-00965,C-0033,Retail-Core,store,2026-08-10,1280,1280,2026-08-12
KR-00966,C-0041,Retail-Core,web,2026-09-23,2250,2250,2026-09-25
KR-00967,C-0037,Retail-Core,web,2026-07-11,2870,0,
KR-00968,C-0118,Retail-Core,store,2026-08-24,2290,0,
KR-00969,C-0005,Retail-Core,web,2026-09-19,1070,1070,2026-09-21
KR-00970,C-0103,Retail-Core,store,2026-07-23,2770,0,
KR-00971,C-0044,Retail-Core,store,2026-08-17,1290,0,
KR-00972,C-0015,Retail-Core,store,2026-09-10,1400,0,
KR-00973,C-0033,Retail-Core,store,2026-07-02,1990,0,
KR-00974,C-0091,Retail-Core,web,2026-08-02,2180,2180,2026-08-04
KR-00975,C-0029,Retail-Core,app,2026-09-12,2950,1770,2026-09-14
KR-00975,C-0029,Retail-Core,app,2026-09-12,2950,1180,2026-09-14
KR-00976,C-0011,Retail-Core,web,2026-07-19,2470,0,
KR-00977,C-0121,Retail-Core,web,2026-08-02,2930,0,
KR-00978,C-0142,Retail-Core,web,2026-09-06,2900,0,
KR-00979,C-0092,Retail-Core,store,2026-07-22,970,0,
KR-00980,C-0032,Retail-Core,web,2026-08-22,1160,1160,2026-08-24
KR-00981,C-0032,Retail-Core,store,2026-09-23,1920,0,
KR-00982,C-0017,Retail-Core,store,2026-07-16,2460,0,
KR-00983,C-0051,Retail-Core,store,2026-08-26,2640,0,
KR-00984,C-0096,Retail-Core,store,2026-09-25,1650,1650,2026-09-27
KR-00985,C-0139,Retail-Core,app,2026-07-28,2310,0,
KR-00986,C-0033,Retail-Core,web,2026-08-17,1530,1530,2026-08-19
KR-00987,C-0113,Retail-Core,app,2026-09-17,1400,1400,2026-09-19
KR-00988,C-0013,Retail-Core,store,2026-07-02,1400,0,
KR-00989,C-0006,Retail-Core,app,2026-08-09,2910,0,
KR-00990,C-0111,Retail-Core,store,2026-09-22,1600,0,
KR-00991,C-0132,Retail-Core,web,2026-07-20,2620,0,
KR-00992,C-0150,Retail-Core,store,2026-08-18,2410,0,
KR-00993,C-0139,Retail-Core,store,2026-09-11,2710,0,
KR-00994,C-0004,Retail-Core,app,2026-07-09,1710,0,
KR-00995,C-0013,Retail-Core,store,2026-08-22,2870,0,
KR-00996,C-0121,Retail-Core,app,2026-09-21,1190,0,
KR-00997,C-0113,Retail-Core,web,2026-07-07,2900,0,
KR-00998,C-0108,Retail-Core,store,2026-08-05,870,0,
KR-00999,C-0108,Retail-Core,web,2026-09-16,880,0,
KR-01000,C-0033,Retail-Core,web,2026-07-17,1430,0,
