order_id,customer_id,segment,quarter,amount
INV-0001,C01,Retail-Core,Q1,2750
INV-0002,C02,Retail-Core,Q1,2750
INV-0003,C03,Retail-Core,Q1,1610
INV-0004,C04,,Q1,2350
INV-0005,C05,Retail-Core,Q1,2300
INV-0006,C06,Retail-Core,Q1,2380
INV-0007,C07,Retail-Core,Q1,2110
INV-0008,C08,Retail-Core,Q1,2240
INV-0009,C09,Retail-Core,Q1,2560
INV-0010,C10,Retail-Core,Q1,1570
INV-0011,C11,Retail-Core,Q1,2760
INV-0012,C12,Retail-Core,Q1,1410
INV-0013,C13,Retail-Core,Q1,2350
INV-0014,C14,Retail-Core,Q1,1790
INV-0015,C15,Retail-Core,Q1,1710
INV-0016,C16,Retail-Core,Q1,2220
INV-0017,C17,Retail-Core,Q1,1700
INV-0018,C18,Retail-Core,Q1,2720
INV-0019,C19,Retail-Core,Q1,1560
INV-0020,C20,Retail-Core,Q1,2380
INV-0021,C21,Retail-Core,Q1,2330
INV-0022,C22,Retail-Core,Q1,1440
INV-0023,C23,Retail-Core,Q1,1590
INV-0024,C24,Retail-Core,Q1,2430
INV-0025,C01,Retail-Core,Q1,2770
INV-0026,C02,Retail-Core,Q1,2550
INV-0027,C03,Retail-Core,Q1,2390
INV-0028,C04,Retail-Core,Q1,1300
INV-0029,C05,Retail-Core,Q1,2310
INV-0030,C06,Retail-Core,Q1,1300
INV-0031,C07,Retail-Core,Q1,2060
INV-0032,C08,Retail-Core,Q1,1730
INV-0033,C09,Retail-Core,Q1,1490
INV-0034,C10,Retail-Core,Q1,2540
INV-0035,C11,Retail-Core,Q1,1410
INV-0036,C12,Retail-Core,Q1,2740
INV-0037,P16,Retail-Plus,Q1,2560
INV-0038,P16,Retail-Plus,Q1,3810
INV-0039,P14,Retail-Plus,Q1,2290
INV-0040,P07,Retail-Plus,Q1,2000
INV-0041,P05,Retail-Plus,Q1,3540
INV-0042,P13,Retail-Plus,Q1,3280
INV-0043,P09,Retail-Plus,Q1,2660
INV-0044,P13,Retail-Plus,Q1,3080
INV-0045,P12,Retail-Plus,Q1,2500
INV-0046,P15,Retail-Plus,Q1,2680
INV-0047,P02,Retail-Plus,Q1,3180
INV-0048,P11,Retail-Plus,Q1,3540
INV-0049,P01,Retail-Plus,Q1,3500
INV-0050,P12,Retail-Plus,Q1,3070
INV-0051,P06,Retail-Plus,Q1,2520
INV-0052,P03,Retail-Plus,Q1,3210
INV-0053,P14,Retail-Plus,Q1,2000
INV-0054,P07,Retail-Plus,Q1,3470
INV-0055,P08,Retail-Plus,Q1,3230
INV-0056,P11,Retail-Plus,Q1,3490
INV-0057,P13,Retail-Plus,Q1,3630
INV-0058,P16,Retail-Plus,Q1,2510
INV-0059,P09,Retail-Plus,Q1,3770
INV-0060,P04,Retail-Plus,Q1,2520
INV-0061,P05,Retail-Plus,Q1,3350
INV-0062,P15,Retail-Plus,Q1,2650
INV-0063,P10,Retail-Plus,Q1,2650
INV-0064,P10,Retail-Plus,Q1,2220
INV-0065,P15,Retail-Plus,Q1,3750
INV-0066,P14,Retail-Plus,Q1,2980
INV-0067,P06,Retail-Plus,Q1,2880
INV-0068,P08,Retail-Plus,Q1,3480
INV-0069,S01,Student,Q1,880
INV-0070,S02,Student,Q1,710
INV-0071,S03,Student,Q1,1080
INV-0072,S04,Student,Q1,950
INV-0073,S05,Student,Q1,1300
INV-0074,S06,Student,Q1,630
INV-0075,S07,Student,Q1,620
INV-0076,S08,Student,Q1,810
INV-0077,S09,Student,Q1,1220
INV-0078,S10,Student,Q1,800
INV-0079,B01,Business,Q1,940000
INV-0080,B02,Business,Q1,850000.00
INV-0081,B03,Business,Q1,729400
INV-0082,B04,Business,Q1,600000
INV-0083,B05,Business,Q1,700000
INV-0084,C01,Retail-Core,Q2,2600
INV-0085,C02,Retail-Core,Q2,2570
INV-0086,C03,Retail-Core,Q2,2470
INV-0087,C04,Retail-Core,Q2,1300
INV-0088,C05,Retail-Core,Q2,2470
INV-0089,C06,Retail-Core,Q2,1440
INV-0090,C07,Retail-Core,Q2,1540
INV-0091,C08,Retail-Core,Q2,1330
INV-0092,C09,Retail-Core,Q2,2090
INV-0093,C10,Retail-Core,Q2,1810
INV-0094,C11,Retail-Core,Q2,2620
INV-0095,C12,Retail-Core,Q2,2360
INV-0096,C13,Retail-Core,Q2,1450
INV-0097,C14,Retail-Core,Q2,2270
INV-0098,C15,Retail-Core,Q2,2790
INV-0099,C16,Retail-Core,Q2,1770
INV-0100,C17,Retail-Core,Q2,2440
INV-0101,C18,Retail-Core,Q2,2050
INV-0102,C19,Retail-Core,Q2,2320
INV-0103,C20,Retail-Core,Q2,1390
INV-0104,C21,Retail-Core,Q2,1700
INV-0105,C22,Retail-Core,Q2,1990
INV-0106,C23,Retail-Core,Q2,2080
INV-0107,C24,Retail-Core,Q2,1300
INV-0108,C01,Retail-Core,Q2,2520
INV-0109,C02,Retail-Core,Q2,2410
INV-0110,C03,Retail-Core,Q2,2720
INV-0111,C04,Retail-Core,Q2,2760
INV-0112,C05,Retail-Core,Q2,2710
INV-0113,C06,Retail-Core,Q2,2550
INV-0114,C07,Retail-Core,Q2,2210
INV-0115,C08,Retail-Core,Q2,2190
INV-0116,C09,Retail-Core,Q2,1830
INV-0117,C10,Retail-Core,Q2,1360
INV-0118,C11,Retail-Core,Q2,1990
INV-0119,C12,Retail-Core,Q2,1480
INV-0120,P12,Retail-Plus,Q2,2860
INV-0121,P14,Retail-Plus,Q2,3170
INV-0122,P15,Retail-Plus,Q2,2650
INV-0123,P10,Retail-Plus,Q2,3010
INV-0124,P12,Retail-Plus,Q2,2570
INV-0125,P02,Retail-Plus,Q2,2220
INV-0126,P03,Retail-Plus,Q2,3170
INV-0127,P08,Retail-Plus,Q2,3500
INV-0128,P09,Retail-Plus,Q2,1700
INV-0129,P10,Retail-Plus,Q2,2660
INV-0130,P11,Retail-Plus,Q2,3340
INV-0131,P13,Retail-Plus,Q2,1950
INV-0132,P08,Retail-Plus,Q2,2350
INV-0133,P05,Retail-Plus,Q2,2950
INV-0134,P13,Retail-Plus,Q2,2480
INV-0135,P01,Retail-Plus,Q2,3200
INV-0136,P04,Retail-Plus,Q2,2780
INV-0137,P06,Retail-Plus,Q2,2530
INV-0138,P06,Retail-Plus,Q2,1870
INV-0139,P09,Retail-Plus,Q2,2990
INV-0140,P07,Retail-Plus,Q2,1960
INV-0141,P15,Retail-Plus,Q2,3480
INV-0142,P16,Retail-Plus,Q2,2690
INV-0143,P16,Retail-Plus,Q2,1710
INV-0144,P13,Retail-Plus,Q2,1670
INV-0145,P05,Retail-Plus,Q2,2910
INV-0146,P16,Retail-Plus,Q2,2000
INV-0147,P15,Retail-Plus,Q2,2990
INV-0148,P11,Retail-Plus,Q2,2620
INV-0149,P14,Retail-Plus,Q2,1680
INV-0150,P07,Retail-Plus,Q2,1800
INV-0151,P14,Retail-Plus,Q2,2140
INV-0152,S01,Student,Q2,590
INV-0153,S02,Student,Q2,820
INV-0154,S03,Student,Q2,1110
INV-0155,S04,Student,Q2,1120
INV-0156,S05,Student,Q2,1060
INV-0157,S06,Student,Q2,800
INV-0158,S07,Student,Q2,690
INV-0159,S08,Student,Q2,1020
INV-0160,S09,Student,Q2,780
INV-0161,S10,Student,Q2,500
INV-0162,S01,Student,Q2,1050
INV-0163,S02,Student,Q2,920
INV-0164,S03,Student,Q2,590
INV-0165,S04,Student,Q2,1270
INV-0166,B01,Business,Q2,1200000
INV-0167,B02,Business,Q2,1231200
INV-0140,P07,Retail-Plus,Q2,1960
INV-0141,P15,Retail-Plus,Q2,3480
INV-0142,P16,Retail-Plus,Q2,2690
INV-0143,P16,Retail-Plus,Q2,1710
INV-0144,P13,Retail-Plus,Q2,1670
INV-0145,P05,Retail-Plus,Q2,2910
INV-0146,P16,Retail-Plus,Q2,2000
INV-0166,B01,Business,Q2,1200000
