order_id,customer_id,segment,channel,city,order_date,quarter,amount
KR-08001,C-7503,Retail-Core,app,Bengaluru,2026-04-03,Q1,1510
KR-08002,C-7607,Retail-Plus,app,Bengaluru,2026-04-05,Q1,3220
KR-08003,C-7606,Retail-Plus,app,Bengaluru,2026-04-08,Q1,2810
KR-08004,C-7601,Retail-Plus,app,Bengaluru,2026-04-13,Q1,"Rs 2,260"
KR-08005,C-7506,Retail-Core,app,Bengaluru,2026-04-15,Q1,2310
KR-08006,C-7603,Retail-Plus,app,Bengaluru,2026-04-16,Q1,3800
KR-08007,C-7600,Retail-Plus,app,Bengaluru,2026-04-19,Q1,3260
KR-08008,C-7509,Retail-Core,app,Bengaluru,2026-04-23,Q1,1320
KR-08009,C-7700,Student,web,Hyderabad,2026-04-25,Q1,610
KR-08010,C-7800,Business,app,Bengaluru,2026-04-26,Q1,610000
KR-08011,C-7604,Retail-Plus,app,Bengaluru,2026-04-26,Q1,2590
KR-08012,C-7500,Retail-Core,app,Bengaluru,2026-04-27,Q1,1880
KR-08013,C-7500,Retail-Core,app,Bengaluru,2026-04-28,Q1,2850
KR-08014,C-7503,Retail-Core,app,Bengaluru,2026-04-28,Q1,2670
KR-08015,C-7605,Retail-Plus,store,Bengaluru,2026-05-01,Q1,2770
KR-08016,C-7801,Business,store,Bengaluru,2026-05-03,Q1,880000
KR-08017,C-7607,Retail-Plus,store,Bengaluru,2026-05-03,Q1,2560
KR-08018,C-7510,Retail-Core,store,Bengaluru,2026-05-04,Q1,1420
KR-08019,C-7601,Retail-Plus,store,Bengaluru,2026-05-09,Q1,3230
KR-08020,C-7507,Retail-Core,store,Bengaluru,2026-05-10,Q1,1540
KR-08021,C-7701,Student,app,Hyderabad,2026-05-11,Q1,1190
KR-08022,C-7501,Retail-Core,store,Bengaluru,2026-05-18,Q1,2570
KR-08023,C-7501,Retail-Core,store,Bengaluru,2026-05-21,Q1,2000
KR-08024,C-7504,Retail-Core,store,Bengaluru,2026-05-21,Q1,2860
KR-08011,C-7604,Retail-Plus,app,Bengaluru,2026-04-26,Q1,2590
KR-08015,C-7605,Retail-Plus,store,Bengaluru,2026-05-01,Q1,2770
KR-08017,C-7607,Retail-Plus,store,Bengaluru,2026-05-03,Q1,2560
KR-08019,C-7601,Retail-Plus,store,Bengaluru,2026-05-09,Q1,3230
KR-08025,C-7602,Retail-Plus,store,Bengaluru,2026-05-22,Q1,3480
KR-08026,C-7604,Retail-Plus,store,Bengaluru,2026-05-23,Q1,2690
KR-08027,C-7504,Retail-Core,store,Bengaluru,2026-05-26,Q1,2860
KR-08028,C-7508,Retail-Core,web,Bengaluru,2026-06-03,Q1,1750
KR-08029,C-7602,Retail-Plus,web,Bengaluru,2026-06-06,Q1,2880
KR-08030,C-7502,Retail-Core,web,Bengaluru,2026-06-10,Q1,2380
KR-08031,C-7505,Retail-Core,web,Bengaluru,2026-06-10,Q1,2010
KR-08032,C-7605,Retail-Plus,web,Bengaluru,2026-06-12,Q1,2160
KR-08033,C-7505,Retail-Core,web,Bengaluru,2026-06-15,Q1,2670
KR-08034,C-7502,Retail-Core,web,Bengaluru,2026-06-17,Q1,1400
KR-08035,C-7603,Retail-Plus,web,Bengaluru,2026-06-17,Q1,2690
KR-08036,C-7802,Business,web,Bengaluru,2026-06-18,Q1,745000
KR-08037,C-7606,Retail-Plus,web,Bengaluru,2026-06-20,Q1,3150
KR-08038,C-7600,Retail-Plus,web,Bengaluru,2026-06-27,Q1,2850
KR-08039,C-7511,Retail-Core,web,Bengaluru,2026-06-28,Q1,1800
KR-08040,C-7601,Retail-Plus,app,Chennai,2026-07-03,Q2,1970
KR-08041,C-7500,Retail-Core,app,Chennai,2026-07-06,Q2,1760
KR-08042,C-7503,Retail-Core,app,Chennai,2026-07-11,Q2,2450
KR-08043,C-7700,Student,app,Chennai,2026-07-12,Q2,1070
KR-08044,C-7503,Retail-Core,app,Chennai,2026-07-14,Q2,2450
KR-08045,C-7800,Business,app,Bengaluru,2026-07-16,Q2,700000
KR-08046,C-7600,Retail-Plus,app,Chennai,2026-07-18,Q2,2710
KR-08047,C-7509,Retail-Core,app,Chennai,2026-07-19,Q2,2310
KR-08048,,Retail-Core,app,Chennai,2026-07-21,Q2,1740
KR-08049,C-7500,Retail-Core,app,Chennai,2026-07-24,Q2,2450
KR-08050,C-7603,Retail-Plus,app,Chennai,2026-07-25,Q2,2220
KR-08051,C-7606,Retail-Plus,app,Chennai,2026-07-26,Q2,3460
KR-08052,C-7501,Retail-Core,store,Chennai,2026-08-07,Q2,1470
KR-08053,C-7510,Retail-Core,store,Chennai,2026-08-08,Q2,2070
KR-08054,C-7504,Retail-Core,store,Chennai,2026-08-11,Q2,1350
KR-08055,C-7504,Retail-Core,store,Chennai,2026-08-16,Q2,2340
KR-08056,C-7604,Retail-Plus,store,Chennai,2026-08-21,Q2,2170
KR-08057,C-7701,Student,store,Chennai,2026-08-21,Q2,1010
KR-08058,C-7602,Retail-Plus,store,Chennai,2026-08-22,Q2,3500
KR-08059,C-7501,Retail-Core,store,Chennai,2026-08-23,Q2,1390
KR-08060,C-7801,Business,store,Bengaluru,2026-08-24,Q2,910000
KR-08061,C-7601,Retail-Plus,store,Chennai,2026-08-25,Q2,3690
KR-08062,C-7607,Retail-Plus,store,Chennai,2026-08-26,Q2,3680
KR-08063,C-7507,Retail-Core,store,Chennai,2026-08-27,Q2,2220
KR-08064,C-7502,Retail-Core,web,Chennai,2026-09-02,Q2,1820
KR-08065,C-7605,Retail-Plus,web,Chennai,2026-09-07,Q2,3280
KR-08066,C-7508,Retail-Core,web,Chennai,2026-09-08,Q2,2450
KR-08067,C-7511,Retail-Core,web,Chennai,2026-09-08,Q2,2450
KR-08068,C-7702,Student,web,Chennai,2026-09-09,Q2,620
KR-08069,C-7802,Business,web,Bengaluru,2026-09-10,Q2,655000
KR-08070,C-7502,Retail-Core,web,Chennai,2026-09-10,Q2,2450
KR-08071,C-7505,Retail-Core,web,Chennai,2026-09-10,Q2,2300
KR-08072,C-7602,Retail-Plus,web,Chennai,2026-09-11,Q2,1980
KR-08073,C-7505,Retail-Core,web,Chennai,2026-09-13,Q2,1970
KR-08074,C-7600,Retail-Plus,web,Chennai,2026-09-14,Q2,3000
KR-08075,C-7603,Retail-Plus,web,Chennai,2026-09-17,Q2,2540
