order_id,customer_id,order_date,quarter,channel,amount,status
KR-00001,C-0334,2026-04-21,Q1,web,670,delivered
KR-00002,C-0318,2026-05-03,Q1,app,440,delivered
KR-00003,C-0313,2026-06-08,Q1,web,510,returned
KR-00004,C-0319,2026-04-07,Q1,app,460,delivered
KR-00005,C-0312,2026-05-24,Q1,store,740,delivered
KR-00006,C-0335,2026-06-26,Q1,app,1390,cancelled
KR-00007,C-0333,2026-04-24,Q1,app,800,delivered
KR-00008,C-0320,2026-05-19,Q1,app,1040,delivered
KR-00009,C-0317,2026-06-15,Q1,web,610,delivered
KR-00010,C-0315,2026-04-03,Q1,app,860,delivered
KR-00011,C-0332,2026-05-03,Q1,web,1280,delivered
KR-00012,C-0317,2026-06-18,Q1,store,1040,delivered
KR-00013,C-0332,2026-04-06,Q1,web,900,delivered
KR-00014,C-0316,2026-05-10,Q1,web,850,delivered
KR-00015,C-0337,2026-06-15,Q1,app,670,delivered
KR-00016,C-0327,2026-04-07,Q1,app,1320,cancelled
KR-00017,C-0328,2026-05-05,Q1,web,620,delivered
KR-00018,C-0313,2026-06-15,Q1,store,1390,delivered
KR-00019,C-0320,2026-04-01,Q1,store,1260,delivered
KR-00020,C-0318,2026-05-22,Q1,web,1090,cancelled
KR-00021,C-0318,2026-06-11,Q1,app,960,cancelled
KR-00022,C-0318,2026-04-16,Q1,app,1250,delivered
KR-00023,C-0334,2026-05-13,Q1,store,890,delivered
KR-00024,C-0318,2026-06-05,Q1,store,400,delivered
KR-00025,C-0318,2026-04-13,Q1,app,920,delivered
KR-00026,C-0319,2026-05-10,Q1,web,1040,returned
KR-00027,C-0336,2026-06-28,Q1,store,560,delivered
KR-00028,C-0271,2026-04-07,Q1,app,849000,delivered
KR-00029,C-0284,2026-05-02,Q1,store,1651000,cancelled
KR-00030,C-0298,2026-06-04,Q1,app,1309000,delivered
KR-00031,C-0280,2026-04-10,Q1,store,1104000,delivered
KR-00032,C-0300,2026-05-28,Q1,store,907000,delivered
KR-00033,C-0301,2026-06-14,Q1,store,616000,delivered
KR-00034,C-0296,2026-04-12,Q1,store,1144000,delivered
KR-00035,C-0303,2026-05-06,Q1,web,972000,delivered
KR-00036,C-0272,2026-06-17,Q1,store,328000,delivered
KR-00037,C-0279,2026-04-08,Q1,app,1404000,returned
KR-00038,C-0276,2026-05-25,Q1,app,1618000,delivered
KR-00039,C-0287,2026-06-01,Q1,web,414000,delivered
KR-00040,C-0283,2026-04-27,Q1,app,1677000,cancelled
KR-00041,C-0304,2026-05-04,Q1,store,1563000,delivered
KR-00042,C-0292,2026-06-04,Q1,web,727000,delivered
KR-00043,C-0296,2026-04-01,Q1,web,1431000,delivered
KR-00044,C-0276,2026-05-06,Q1,web,1721000,delivered
KR-00045,C-0308,2026-06-20,Q1,web,1012000,returned
KR-00046,C-0307,2026-04-17,Q1,app,1745000,delivered
KR-00047,C-0282,2026-05-24,Q1,app,328000,delivered
KR-00048,C-0289,2026-06-06,Q1,app,467000,cancelled
KR-00049,C-0279,2026-04-13,Q1,app,1257000,delivered
KR-00050,C-0275,2026-05-19,Q1,web,936000,cancelled
KR-00051,C-0290,2026-06-25,Q1,web,586000,delivered
KR-00052,C-0282,2026-04-17,Q1,web,978000,delivered
KR-00053,C-0290,2026-05-12,Q1,store,1596000,delivered
KR-00054,C-0280,2026-06-12,Q1,app,1495000,delivered
KR-00055,C-0283,2026-04-28,Q1,web,526000,delivered
KR-00056,C-0304,2026-05-04,Q1,web,1764000,delivered
KR-00057,C-0291,2026-06-10,Q1,store,588000,delivered
KR-00058,C-0279,2026-04-27,Q1,app,1280000,delivered
KR-00059,C-0300,2026-05-17,Q1,web,782000,delivered
KR-00060,C-0310,2026-06-02,Q1,store,1479000,delivered
KR-00061,C-0275,2026-04-14,Q1,web,1134000,delivered
KR-00062,C-0277,2026-05-18,Q1,web,474000,cancelled
KR-00063,C-0293,2026-06-03,Q1,web,861000,delivered
KR-00064,C-0299,2026-04-10,Q1,web,918000,returned
KR-00065,C-0309,2026-05-17,Q1,web,1506000,delivered
KR-00066,C-0303,2026-06-27,Q1,web,922000,cancelled
KR-00067,C-0277,2026-04-06,Q1,store,565000,delivered
KR-00068,C-0275,2026-05-21,Q1,app,993000,cancelled
KR-00069,C-0271,2026-06-01,Q1,web,1685000,delivered
KR-00070,C-0296,2026-04-11,Q1,app,988000,cancelled
KR-00071,C-0276,2026-05-27,Q1,store,918000,returned
KR-00072,C-0277,2026-06-25,Q1,store,892000,delivered
KR-00073,C-0279,2026-04-01,Q1,app,669000,cancelled
KR-00074,C-0290,2026-05-18,Q1,app,1655000,delivered
KR-00075,C-0310,2026-06-07,Q1,store,442000,delivered
KR-00076,C-0291,2026-04-07,Q1,app,597000,delivered
KR-00077,C-0273,2026-05-19,Q1,store,1060000,delivered
KR-00078,C-0280,2026-06-02,Q1,web,1239000,delivered
KR-00079,C-0293,2026-04-28,Q1,web,1665000,cancelled
KR-00080,C-0274,2026-05-13,Q1,store,1226000,cancelled
KR-00081,C-0281,2026-06-02,Q1,app,1736000,delivered
KR-00082,C-0274,2026-04-08,Q1,web,1093000,delivered
KR-00083,C-0280,2026-05-01,Q1,app,1691000,cancelled
KR-00084,C-0276,2026-06-07,Q1,web,432000,delivered
KR-00085,C-0274,2026-04-22,Q1,app,656000,delivered
KR-00086,C-0274,2026-05-20,Q1,app,1696000,returned
KR-00087,C-0280,2026-06-25,Q1,app,781000,delivered
KR-00088,C-0302,2026-04-02,Q1,web,799000,delivered
KR-00089,C-0297,2026-05-20,Q1,store,516000,returned
KR-00090,C-0299,2026-06-02,Q1,web,1114000,cancelled
KR-00091,C-0274,2026-04-06,Q1,web,1558000,delivered
KR-00092,C-0280,2026-05-08,Q1,store,273000,returned
KR-00093,C-0297,2026-06-14,Q1,app,1076000,delivered
KR-00094,C-0278,2026-04-22,Q1,store,890000,delivered
KR-00095,C-0291,2026-05-27,Q1,app,886000,delivered
KR-00096,C-0308,2026-06-10,Q1,web,211000,delivered
KR-00097,C-0294,2026-04-17,Q1,store,1290000,delivered
KR-00098,C-0273,2026-05-02,Q1,app,425000,delivered
KR-00099,C-0300,2026-06-01,Q1,store,963000,delivered
KR-00100,C-0282,2026-04-04,Q1,app,1591000,cancelled
KR-00101,C-0278,2026-05-26,Q1,store,707000,delivered
KR-00102,C-0274,2026-06-07,Q1,web,1453000,cancelled
KR-00103,C-0286,2026-04-05,Q1,store,554000,delivered
KR-00104,C-0296,2026-05-13,Q1,web,1096000,delivered
KR-00105,C-0271,2026-06-18,Q1,app,1596000,returned
KR-00106,C-0281,2026-04-19,Q1,web,286000,delivered
KR-00107,C-0287,2026-05-20,Q1,store,590000,returned
KR-00108,C-0271,2026-06-14,Q1,app,1259000,returned
KR-00109,C-0271,2026-04-17,Q1,app,1050000,delivered
KR-00110,C-0275,2026-05-04,Q1,web,431000,delivered
KR-00111,C-0280,2026-06-05,Q1,store,982000,delivered
KR-00112,C-0297,2026-04-23,Q1,app,1506000,delivered
KR-00113,C-0307,2026-05-28,Q1,store,1351000,cancelled
KR-00114,C-0284,2026-06-20,Q1,app,1313000,returned
KR-00115,C-0301,2026-04-25,Q1,web,1211000,cancelled
KR-00116,C-0276,2026-05-15,Q1,store,829000,delivered
KR-00117,C-0272,2026-06-01,Q1,app,1150000,delivered
KR-00118,C-0283,2026-04-24,Q1,store,1246000,delivered
KR-00119,C-0273,2026-05-23,Q1,app,1533000,returned
KR-00120,C-0276,2026-06-01,Q1,store,1179000,delivered
KR-00121,C-0287,2026-04-01,Q1,app,1459000,returned
KR-00122,C-0306,2026-05-09,Q1,web,1103000,delivered
KR-00123,C-0301,2026-06-13,Q1,store,1551000,delivered
KR-00124,C-0272,2026-04-26,Q1,app,-2802710,delivered
KR-00125,C-0156,2026-04-06,Q1,store,1300,delivered
KR-00126,C-0176,2026-05-06,Q1,web,2650,delivered
KR-00127,C-0234,2026-06-23,Q1,web,2900,delivered
KR-00128,C-0179,2026-04-13,Q1,app,2020,delivered
KR-00129,C-0164,2026-05-18,Q1,store,2450,returned
KR-00130,C-0246,2026-06-14,Q1,store,2140,delivered
KR-00131,C-0243,2026-04-26,Q1,store,3850,delivered
KR-00132,C-0179,2026-05-06,Q1,app,1920,delivered
KR-00133,C-0158,2026-06-01,Q1,app,2240,delivered
KR-00134,C-0245,2026-04-16,Q1,store,2240,delivered
KR-00135,C-0172,2026-05-02,Q1,store,3620,cancelled
KR-00136,C-0193,2026-06-19,Q1,store,3760,delivered
KR-00137,C-0171,2026-04-17,Q1,app,3700,delivered
KR-00138,C-0157,2026-05-17,Q1,web,3110,delivered
KR-00139,C-0187,2026-06-23,Q1,app,1910,cancelled
KR-00140,C-0151,2026-04-16,Q1,web,2970,delivered
KR-00141,C-0198,2026-05-09,Q1,store,1750,returned
KR-00142,C-0206,2026-06-10,Q1,app,3710,delivered
KR-00143,C-0170,2026-04-20,Q1,store,1370,delivered
KR-00144,C-0227,2026-05-17,Q1,app,2340,cancelled
KR-00145,C-0243,2026-06-22,Q1,app,3190,cancelled
KR-00146,C-0183,2026-04-09,Q1,app,3280,delivered
KR-00147,C-0184,2026-05-25,Q1,store,1720,delivered
KR-00148,C-0181,2026-06-26,Q1,app,2860,delivered
KR-00149,C-0249,2026-04-28,Q1,app,4040,delivered
KR-00150,C-0179,2026-05-06,Q1,store,1760,delivered
KR-00151,C-0204,2026-06-24,Q1,app,3710,delivered
KR-00152,C-0154,2026-04-28,Q1,app,2650,delivered
KR-00153,C-0230,2026-05-12,Q1,store,3820,delivered
KR-00154,C-0263,2026-06-19,Q1,web,4280,delivered
KR-00155,C-0171,2026-04-14,Q1,web,1490,cancelled
KR-00156,C-0179,2026-05-28,Q1,web,2640,returned
KR-00157,C-0203,2026-06-27,Q1,app,3400,cancelled
KR-00158,C-0184,2026-04-03,Q1,web,2560,delivered
KR-00159,C-0157,2026-05-23,Q1,store,1540,delivered
KR-00160,C-0192,2026-06-18,Q1,store,2730,delivered
KR-00161,C-0206,2026-04-21,Q1,web,3270,returned
KR-00162,C-0169,2026-05-14,Q1,app,3760,returned
KR-00163,C-0161,2026-06-15,Q1,web,4110,delivered
KR-00164,C-0201,2026-04-07,Q1,web,3010,delivered
KR-00165,C-0163,2026-05-04,Q1,app,2810,returned
KR-00166,C-0171,2026-06-14,Q1,app,2270,cancelled
KR-00167,C-0208,2026-04-03,Q1,store,2710,cancelled
KR-00168,C-0186,2026-05-05,Q1,web,2250,delivered
KR-00169,C-0237,2026-06-27,Q1,store,3360,delivered
KR-00170,C-0239,2026-04-09,Q1,web,2220,cancelled
KR-00171,C-0157,2026-05-26,Q1,store,1340,returned
KR-00172,C-0251,2026-06-22,Q1,store,3370,delivered
KR-00173,C-0226,2026-04-07,Q1,web,1800,returned
KR-00174,C-0182,2026-05-19,Q1,store,1930,cancelled
KR-00175,C-0167,2026-06-01,Q1,web,2390,delivered
KR-00176,C-0188,2026-04-12,Q1,web,4400,cancelled
KR-00177,C-0239,2026-05-27,Q1,app,3320,delivered
KR-00178,C-0166,2026-06-28,Q1,app,3770,cancelled
KR-00179,C-0189,2026-04-14,Q1,web,3450,delivered
KR-00180,C-0176,2026-05-04,Q1,app,1940,returned
KR-00181,C-0181,2026-06-23,Q1,store,2150,delivered
KR-00182,C-0247,2026-04-17,Q1,store,1450,returned
KR-00183,C-0163,2026-05-12,Q1,store,2130,returned
KR-00184,C-0183,2026-06-11,Q1,web,4450,returned
KR-00185,C-0155,2026-04-28,Q1,web,2620,delivered
KR-00186,C-0181,2026-05-11,Q1,store,3250,delivered
KR-00187,C-0260,2026-06-24,Q1,app,3290,delivered
KR-00188,C-0167,2026-04-27,Q1,web,3320,delivered
KR-00189,C-0253,2026-05-04,Q1,web,3250,delivered
KR-00190,C-0205,2026-06-15,Q1,store,3850,returned
KR-00191,C-0209,2026-04-01,Q1,store,3930,delivered
KR-00192,C-0151,2026-05-25,Q1,store,1620,delivered
KR-00193,C-0191,2026-06-28,Q1,store,2860,delivered
KR-00194,C-0267,2026-04-23,Q1,store,3310,delivered
KR-00195,C-0246,2026-05-24,Q1,store,3150,returned
KR-00196,C-0229,2026-06-08,Q1,web,3990,delivered
KR-00197,C-0259,2026-04-02,Q1,app,4130,returned
KR-00198,C-0220,2026-05-06,Q1,web,2250,delivered
KR-00199,C-0152,2026-06-03,Q1,app,1710,delivered
KR-00200,C-0193,2026-04-02,Q1,store,3990,returned
KR-00201,C-0176,2026-05-02,Q1,store,1420,delivered
KR-00202,C-0233,2026-06-01,Q1,app,2100,returned
KR-00203,C-0192,2026-04-03,Q1,web,3590,delivered
KR-00204,C-0256,2026-05-10,Q1,app,4160,delivered
KR-00205,C-0169,2026-06-19,Q1,web,1460,delivered
KR-00206,C-0169,2026-04-05,Q1,store,2880,delivered
KR-00207,C-0244,2026-05-01,Q1,store,2430,delivered
KR-00208,C-0181,2026-06-11,Q1,store,3800,delivered
KR-00209,C-0207,2026-04-26,Q1,app,3970,returned
KR-00210,C-0165,2026-05-06,Q1,app,4170,delivered
KR-00211,C-0186,2026-06-18,Q1,store,3710,delivered
KR-00212,C-0152,2026-04-06,Q1,app,2330,delivered
KR-00213,C-0253,2026-05-27,Q1,app,2510,cancelled
KR-00214,C-0172,2026-06-02,Q1,app,4490,delivered
KR-00215,C-0249,2026-04-21,Q1,app,2740,delivered
KR-00216,C-0162,2026-05-01,Q1,store,3770,delivered
KR-00217,C-0261,2026-06-01,Q1,web,4150,delivered
KR-00218,C-0222,2026-04-25,Q1,app,3970,delivered
KR-00219,C-0182,2026-05-23,Q1,web,2300,cancelled
KR-00220,C-0186,2026-06-23,Q1,store,1720,delivered
KR-00221,C-0158,2026-04-07,Q1,web,3330,delivered
KR-00222,C-0241,2026-05-03,Q1,app,1380,delivered
KR-00223,C-0165,2026-06-11,Q1,app,4030,cancelled
KR-00224,C-0237,2026-04-05,Q1,app,2680,delivered
KR-00225,C-0167,2026-05-25,Q1,store,3080,cancelled
KR-00226,C-0183,2026-06-22,Q1,web,3920,delivered
KR-00227,C-0161,2026-04-17,Q1,app,2980,delivered
KR-00228,C-0251,2026-05-15,Q1,app,1670,returned
KR-00229,C-0154,2026-06-05,Q1,store,2430,delivered
KR-00230,C-0200,2026-04-28,Q1,web,2430,cancelled
KR-00231,C-0170,2026-05-19,Q1,web,1670,returned
KR-00232,C-0226,2026-06-16,Q1,web,1220,cancelled
KR-00233,C-0237,2026-04-26,Q1,store,1460,delivered
KR-00234,C-0235,2026-05-08,Q1,web,3890,delivered
KR-00235,C-0181,2026-06-23,Q1,app,3590,delivered
KR-00236,C-0157,2026-04-12,Q1,app,4360,returned
KR-00237,C-0199,2026-05-18,Q1,app,3050,delivered
KR-00238,C-0256,2026-06-14,Q1,web,3880,delivered
KR-00239,C-0174,2026-04-24,Q1,web,3250,delivered
KR-00240,C-0163,2026-05-28,Q1,web,4290,cancelled
KR-00241,C-0190,2026-06-16,Q1,app,1870,returned
KR-00242,C-0180,2026-04-17,Q1,store,3120,delivered
KR-00243,C-0253,2026-05-25,Q1,store,4210,returned
KR-00244,C-0266,2026-06-25,Q1,web,2270,delivered
KR-00245,C-0188,2026-04-09,Q1,store,3900,returned
KR-00246,C-0168,2026-05-20,Q1,web,3770,returned
KR-00247,C-0225,2026-06-10,Q1,store,4410,returned
KR-00248,C-0227,2026-04-14,Q1,store,1310,returned
KR-00249,C-0187,2026-05-10,Q1,web,3170,returned
KR-00250,C-0166,2026-06-08,Q1,app,3780,delivered
KR-00251,C-0197,2026-04-21,Q1,web,3000,cancelled
KR-00252,C-0178,2026-05-13,Q1,web,2150,returned
KR-00253,C-0167,2026-06-06,Q1,store,4050,cancelled
KR-00254,C-0183,2026-04-15,Q1,web,2280,delivered
KR-00255,C-0205,2026-05-09,Q1,app,1570,delivered
KR-00256,C-0235,2026-06-10,Q1,app,3470,delivered
KR-00257,C-0180,2026-04-12,Q1,app,2360,cancelled
KR-00258,C-0156,2026-05-04,Q1,store,2390,delivered
KR-00259,C-0188,2026-06-15,Q1,app,1380,cancelled
KR-00260,C-0235,2026-04-01,Q1,app,1800,delivered
KR-00261,C-0210,2026-05-15,Q1,store,2530,delivered
KR-00262,C-0201,2026-06-11,Q1,store,2780,delivered
KR-00263,C-0183,2026-04-01,Q1,store,2800,returned
KR-00264,C-0223,2026-05-20,Q1,web,1420,delivered
KR-00265,C-0160,2026-06-24,Q1,store,3110,cancelled
KR-00266,C-0262,2026-04-04,Q1,store,4390,delivered
KR-00267,C-0182,2026-05-27,Q1,app,2280,returned
KR-00268,C-0236,2026-06-05,Q1,store,1280,delivered
KR-00269,C-0190,2026-04-07,Q1,web,2700,delivered
KR-00270,C-0158,2026-05-19,Q1,app,2130,cancelled
KR-00271,C-0185,2026-06-17,Q1,store,2640,delivered
KR-00272,C-0177,2026-04-08,Q1,store,3180,delivered
KR-00273,C-0158,2026-05-17,Q1,web,3400,returned
KR-00274,C-0175,2026-06-01,Q1,store,2670,delivered
KR-00275,C-0165,2026-04-23,Q1,store,3160,cancelled
KR-00276,C-0178,2026-05-10,Q1,web,1580,cancelled
KR-00277,C-0163,2026-06-11,Q1,store,2290,delivered
KR-00278,C-0262,2026-04-12,Q1,store,3940,delivered
KR-00279,C-0244,2026-05-10,Q1,app,3950,delivered
KR-00280,C-0231,2026-06-09,Q1,store,1460,delivered
KR-00281,C-0172,2026-04-13,Q1,store,2160,delivered
KR-00282,C-0198,2026-05-06,Q1,web,3590,delivered
KR-00283,C-0156,2026-06-27,Q1,store,2680,returned
KR-00284,C-0181,2026-04-14,Q1,app,4260,delivered
KR-00285,C-0165,2026-05-07,Q1,app,3400,delivered
KR-00286,C-0264,2026-06-05,Q1,web,2930,delivered
KR-00287,C-0178,2026-04-05,Q1,web,3670,delivered
KR-00288,C-0260,2026-05-22,Q1,web,2900,delivered
KR-00289,C-0242,2026-06-27,Q1,app,3520,returned
KR-00290,C-0230,2026-04-22,Q1,web,2340,cancelled
KR-00291,C-0182,2026-05-26,Q1,web,3130,delivered
KR-00292,C-0189,2026-06-07,Q1,store,4100,delivered
KR-00293,C-0184,2026-04-20,Q1,web,2780,delivered
KR-00294,C-0178,2026-05-17,Q1,app,3050,returned
KR-00295,C-0229,2026-06-17,Q1,app,3870,cancelled
KR-00296,C-0266,2026-04-04,Q1,app,1830,cancelled
KR-00297,C-0232,2026-05-26,Q1,store,3620,delivered
KR-00298,C-0225,2026-06-11,Q1,store,1510,delivered
KR-00299,C-0174,2026-04-21,Q1,app,3600,delivered
KR-00300,C-0234,2026-05-06,Q1,store,1250,cancelled
KR-00301,C-0213,2026-06-12,Q1,store,4000,delivered
KR-00302,C-0165,2026-04-08,Q1,store,4040,delivered
KR-00303,C-0237,2026-05-12,Q1,web,3270,cancelled
KR-00304,C-0210,2026-06-19,Q1,store,3180,delivered
KR-00305,C-0219,2026-04-06,Q1,web,3130,returned
KR-00306,C-0159,2026-05-19,Q1,store,1450,delivered
KR-00307,C-0168,2026-06-04,Q1,store,2860,returned
KR-00308,C-0245,2026-04-02,Q1,store,1980,cancelled
KR-00309,C-0260,2026-05-28,Q1,app,1250,delivered
KR-00310,C-0182,2026-06-24,Q1,web,1750,delivered
KR-00311,C-0187,2026-04-05,Q1,web,1320,delivered
KR-00312,C-0256,2026-05-11,Q1,store,4420,delivered
KR-00313,C-0182,2026-06-27,Q1,web,2960,cancelled
KR-00314,C-0169,2026-04-12,Q1,store,2100,returned
KR-00315,C-0211,2026-05-21,Q1,app,2100,cancelled
KR-00316,C-0212,2026-06-03,Q1,web,3910,delivered
KR-00317,C-0172,2026-04-04,Q1,store,3480,delivered
KR-00318,C-0151,2026-05-28,Q1,store,1390,delivered
KR-00319,C-0153,2026-06-27,Q1,web,2390,returned
KR-00320,C-0168,2026-04-26,Q1,app,3500,delivered
KR-00321,C-0175,2026-05-09,Q1,web,3790,delivered
KR-00322,C-0177,2026-06-07,Q1,web,2500,delivered
KR-00323,C-0194,2026-04-25,Q1,store,2660,returned
KR-00324,C-0208,2026-05-12,Q1,app,2810,delivered
KR-00325,C-0235,2026-06-04,Q1,app,3210,cancelled
KR-00326,C-0224,2026-04-19,Q1,app,3240,delivered
KR-00327,C-0249,2026-05-17,Q1,store,1870,delivered
KR-00328,C-0192,2026-06-09,Q1,web,4100,delivered
KR-00329,C-0173,2026-04-21,Q1,store,2580,delivered
KR-00330,C-0159,2026-05-15,Q1,store,2630,delivered
KR-00331,C-0218,2026-06-18,Q1,web,3500,delivered
KR-00332,C-0179,2026-04-10,Q1,store,2020,delivered
KR-00333,C-0168,2026-05-01,Q1,web,3100,delivered
KR-00334,C-0172,2026-06-21,Q1,store,3910,delivered
KR-00335,C-0163,2026-04-19,Q1,app,2180,delivered
KR-00336,C-0242,2026-05-14,Q1,store,1800,delivered
KR-00337,C-0234,2026-06-04,Q1,app,1390,returned
KR-00338,C-0188,2026-04-01,Q1,store,1900,delivered
KR-00339,C-0169,2026-05-15,Q1,store,3010,cancelled
KR-00340,C-0010,2026-04-06,Q1,app,880,delivered
KR-00341,C-0029,2026-05-17,Q1,web,2540,returned
KR-00342,C-0016,2026-06-19,Q1,web,1000,returned
KR-00343,C-0137,2026-04-24,Q1,web,2970,returned
KR-00344,C-0045,2026-05-17,Q1,web,1000,delivered
KR-00345,C-0003,2026-06-08,Q1,store,1520,delivered
KR-00346,C-0026,2026-04-17,Q1,web,2870,delivered
KR-00347,C-0015,2026-05-10,Q1,web,2180,cancelled
KR-00348,C-0080,2026-06-12,Q1,web,970,delivered
KR-00349,C-0022,2026-04-23,Q1,web,2640,cancelled
KR-00350,C-0012,2026-05-12,Q1,store,1610,delivered
KR-00351,C-0092,2026-06-16,Q1,app,2130,delivered
KR-00352,C-0090,2026-04-06,Q1,store,2250,delivered
KR-00353,C-0002,2026-05-06,Q1,app,2380,delivered
KR-00354,C-0095,2026-06-17,Q1,app,1190,delivered
KR-00355,C-0041,2026-04-17,Q1,store,1740,returned
KR-00356,C-0032,2026-05-18,Q1,store,1630,delivered
KR-00357,C-0092,2026-06-23,Q1,web,1690,delivered
KR-00358,C-0068,2026-04-05,Q1,store,2300,delivered
KR-00359,C-0108,2026-05-25,Q1,app,2580,cancelled
KR-00360,C-0045,2026-06-10,Q1,store,2620,delivered
KR-00361,C-0001,2026-04-26,Q1,app,1260,delivered
KR-00362,C-0037,2026-05-20,Q1,app,1270,returned
KR-00363,C-0022,2026-06-24,Q1,web,2360,returned
KR-00364,C-0004,2026-04-02,Q1,app,2850,returned
KR-00365,C-0002,2026-05-24,Q1,web,2800,delivered
KR-00366,C-0116,2026-06-08,Q1,web,870,delivered
KR-00367,C-0028,2026-04-26,Q1,app,1570,delivered
KR-00368,C-0036,2026-05-21,Q1,store,920,delivered
KR-00369,C-0035,2026-06-04,Q1,store,1390,delivered
KR-00370,C-0025,2026-04-08,Q1,app,2030,delivered
KR-00371,C-0130,2026-05-12,Q1,web,2840,returned
KR-00372,C-0042,2026-06-04,Q1,store,1960,returned
KR-00373,C-0036,2026-04-27,Q1,store,1320,delivered
KR-00374,C-0048,2026-05-16,Q1,store,1070,returned
KR-00375,C-0021,2026-06-04,Q1,store,2240,delivered
KR-00376,C-0057,2026-04-12,Q1,store,2520,delivered
KR-00377,C-0098,2026-05-26,Q1,store,2870,returned
KR-00378,C-0030,2026-06-11,Q1,store,1530,delivered
KR-00379,C-0129,2026-04-23,Q1,web,1570,returned
KR-00380,C-0086,2026-05-22,Q1,web,2050,delivered
KR-00381,C-0024,2026-06-27,Q1,app,2370,delivered
KR-00382,C-0043,2026-04-06,Q1,app,1300,cancelled
KR-00383,C-0025,2026-05-26,Q1,web,2820,delivered
KR-00384,C-0019,2026-06-19,Q1,store,2820,delivered
KR-00385,C-0035,2026-04-15,Q1,app,2990,cancelled
KR-00386,C-0121,2026-05-11,Q1,web,1650,cancelled
KR-00387,C-0141,2026-06-26,Q1,app,800,delivered
KR-00388,C-0126,2026-04-12,Q1,app,2060,delivered
KR-00389,C-0123,2026-05-24,Q1,app,1440,delivered
KR-00390,C-0114,2026-06-01,Q1,app,2140,delivered
KR-00391,C-0058,2026-04-15,Q1,web,1370,cancelled
KR-00392,C-0083,2026-05-06,Q1,app,1160,returned
KR-00393,C-0082,2026-06-14,Q1,store,2980,cancelled
KR-00394,C-0015,2026-04-21,Q1,web,1280,delivered
KR-00395,C-0148,2026-05-08,Q1,store,1450,delivered
KR-00396,C-0150,2026-06-06,Q1,store,1870,delivered
KR-00397,C-0051,2026-04-09,Q1,store,2970,delivered
KR-00398,C-0046,2026-05-23,Q1,store,2420,delivered
KR-00399,C-0028,2026-06-13,Q1,store,1370,returned
KR-00400,C-0055,2026-04-21,Q1,app,1740,delivered
KR-00401,C-0017,2026-05-09,Q1,app,2990,delivered
KR-00402,C-0048,2026-06-10,Q1,web,1020,delivered
KR-00403,C-0065,2026-04-11,Q1,store,850,delivered
KR-00404,C-0015,2026-05-08,Q1,app,2010,returned
KR-00405,C-0051,2026-06-25,Q1,store,2170,delivered
KR-00406,C-0145,2026-04-24,Q1,store,2690,cancelled
KR-00407,C-0082,2026-05-11,Q1,store,2250,delivered
KR-00408,C-0038,2026-06-10,Q1,app,1960,cancelled
KR-00409,C-0118,2026-04-13,Q1,web,800,returned
KR-00410,C-0092,2026-05-23,Q1,store,1310,delivered
KR-00411,C-0070,2026-06-04,Q1,store,2710,delivered
KR-00412,C-0033,2026-04-08,Q1,store,1610,cancelled
KR-00413,C-0048,2026-05-01,Q1,store,2780,delivered
KR-00414,C-0148,2026-06-11,Q1,store,2080,delivered
KR-00415,C-0041,2026-04-07,Q1,app,2790,delivered
KR-00416,C-0146,2026-05-27,Q1,app,2810,delivered
KR-00417,C-0009,2026-06-02,Q1,store,1330,cancelled
KR-00418,C-0009,2026-04-22,Q1,store,2520,returned
KR-00419,C-0073,2026-05-07,Q1,web,1160,delivered
KR-00420,C-0116,2026-06-28,Q1,app,2080,delivered
KR-00421,C-0116,2026-04-13,Q1,store,2990,delivered
KR-00422,C-0131,2026-05-20,Q1,web,1750,delivered
KR-00423,C-0010,2026-06-01,Q1,web,1520,delivered
KR-00424,C-0047,2026-04-06,Q1,web,1560,delivered
KR-00425,C-0026,2026-05-28,Q1,app,1880,delivered
KR-00426,C-0139,2026-06-01,Q1,web,2940,delivered
KR-00427,C-0082,2026-04-07,Q1,app,2790,delivered
KR-00428,C-0048,2026-05-03,Q1,store,2150,cancelled
KR-00429,C-0117,2026-06-02,Q1,store,2530,delivered
KR-00430,C-0014,2026-04-15,Q1,store,1970,returned
KR-00431,C-0096,2026-05-06,Q1,store,2830,delivered
KR-00432,C-0072,2026-06-01,Q1,app,1110,returned
KR-00433,C-0111,2026-04-08,Q1,store,1670,delivered
KR-00434,C-0055,2026-05-16,Q1,app,2760,delivered
KR-00435,C-0013,2026-06-15,Q1,store,880,delivered
KR-00436,C-0023,2026-04-18,Q1,app,2430,delivered
KR-00437,C-0013,2026-05-05,Q1,app,1660,delivered
KR-00438,C-0045,2026-06-07,Q1,web,1870,returned
KR-00439,C-0041,2026-04-06,Q1,store,2050,delivered
KR-00440,C-0045,2026-05-13,Q1,app,1800,delivered
KR-00441,C-0052,2026-06-26,Q1,app,1690,cancelled
KR-00442,C-0117,2026-04-27,Q1,store,1220,returned
KR-00443,C-0037,2026-05-23,Q1,web,1640,delivered
KR-00444,C-0016,2026-06-28,Q1,web,1130,cancelled
KR-00445,C-0125,2026-04-01,Q1,web,2290,delivered
KR-00446,C-0001,2026-05-17,Q1,store,1130,delivered
KR-00447,C-0141,2026-06-22,Q1,web,2620,returned
KR-00448,C-0139,2026-04-05,Q1,web,2250,delivered
KR-00449,C-0013,2026-05-11,Q1,web,980,delivered
KR-00450,C-0064,2026-06-09,Q1,web,2960,delivered
KR-00451,C-0059,2026-04-07,Q1,app,3000,delivered
KR-00452,C-0107,2026-05-10,Q1,app,2580,cancelled
KR-00453,C-0147,2026-06-06,Q1,store,2020,delivered
KR-00454,C-0116,2026-04-03,Q1,web,2680,delivered
KR-00455,C-0056,2026-05-21,Q1,web,2570,delivered
KR-00456,C-0099,2026-06-03,Q1,app,2350,delivered
KR-00457,C-0007,2026-04-09,Q1,web,1070,delivered
KR-00458,C-0035,2026-05-09,Q1,app,2740,delivered
KR-00459,C-0040,2026-06-12,Q1,store,2480,returned
KR-00460,C-0008,2026-04-10,Q1,app,1670,returned
KR-00461,C-0140,2026-05-08,Q1,app,1690,delivered
KR-00462,C-0048,2026-06-03,Q1,store,810,delivered
KR-00463,C-0150,2026-04-28,Q1,web,2270,delivered
KR-00464,C-0002,2026-05-27,Q1,web,2900,returned
KR-00465,C-0036,2026-06-03,Q1,app,1460,delivered
KR-00466,C-0045,2026-04-24,Q1,web,2940,returned
KR-00467,C-0070,2026-05-02,Q1,web,830,returned
KR-00468,C-0043,2026-06-27,Q1,web,2070,cancelled
KR-00469,C-0019,2026-04-04,Q1,store,2950,delivered
KR-00470,C-0037,2026-05-07,Q1,web,2130,delivered
KR-00471,C-0005,2026-06-04,Q1,store,970,cancelled
KR-00472,C-0141,2026-04-17,Q1,web,910,delivered
KR-00473,C-0021,2026-05-11,Q1,app,1660,delivered
KR-00474,C-0076,2026-06-04,Q1,app,1680,delivered
KR-00475,C-0118,2026-04-08,Q1,store,2380,delivered
KR-00476,C-0148,2026-05-18,Q1,app,2800,delivered
KR-00477,C-0116,2026-06-05,Q1,app,2180,cancelled
KR-00478,C-0028,2026-04-05,Q1,web,2430,returned
KR-00479,C-0047,2026-05-26,Q1,web,2170,delivered
KR-00480,C-0141,2026-06-11,Q1,app,1980,delivered
KR-00481,C-0064,2026-04-06,Q1,store,1520,returned
KR-00482,C-0096,2026-05-25,Q1,web,2840,delivered
KR-00483,C-0055,2026-06-01,Q1,store,1420,delivered
KR-00484,C-0038,2026-04-07,Q1,web,1920,returned
KR-00485,C-0025,2026-05-24,Q1,app,2070,returned
KR-00486,C-0005,2026-06-07,Q1,app,930,returned
KR-00487,C-0014,2026-04-18,Q1,store,1540,delivered
KR-00488,C-0005,2026-05-05,Q1,web,2070,delivered
KR-00489,C-0110,2026-06-25,Q1,web,2490,delivered
KR-00490,C-0040,2026-04-06,Q1,app,1120,delivered
KR-00491,C-0013,2026-05-03,Q1,store,2420,delivered
KR-00492,C-0045,2026-06-14,Q1,app,1560,delivered
KR-00493,C-0044,2026-04-10,Q1,web,2420,cancelled
KR-00494,C-0021,2026-05-02,Q1,web,1590,cancelled
KR-00495,C-0025,2026-06-07,Q1,web,1850,cancelled
KR-00496,C-0094,2026-04-01,Q1,store,2010,cancelled
KR-00497,C-0141,2026-05-28,Q1,store,1330,delivered
KR-00498,C-0087,2026-06-11,Q1,store,2960,delivered
KR-00499,C-0044,2026-04-10,Q1,app,1130,returned
KR-00500,C-0085,2026-05-26,Q1,store,1210,delivered
KR-00501,C-0095,2026-06-24,Q1,app,1800,delivered
KR-00502,C-0048,2026-04-02,Q1,app,2890,delivered
KR-00503,C-0024,2026-05-04,Q1,store,2870,returned
KR-00504,C-0003,2026-06-03,Q1,web,1650,delivered
KR-00505,C-0004,2026-04-01,Q1,app,2530,delivered
KR-00506,C-0131,2026-05-19,Q1,store,1130,delivered
KR-00507,C-0089,2026-06-05,Q1,web,2520,returned
KR-00508,C-0009,2026-04-16,Q1,store,2220,delivered
KR-00509,C-0005,2026-05-13,Q1,store,1920,returned
KR-00510,C-0019,2026-06-23,Q1,app,850,delivered
KR-00511,C-0094,2026-04-12,Q1,app,2880,delivered
KR-00512,C-0143,2026-05-11,Q1,web,1180,delivered
KR-00513,C-0150,2026-06-05,Q1,web,2270,delivered
KR-00514,C-0118,2026-04-13,Q1,web,860,delivered
KR-00515,C-0018,2026-05-22,Q1,store,2700,delivered
KR-00516,C-0138,2026-06-01,Q1,store,1860,delivered
KR-00517,C-0105,2026-04-28,Q1,web,1630,delivered
KR-00518,C-0081,2026-05-06,Q1,store,850,cancelled
KR-00519,C-0001,2026-06-22,Q1,app,1370,cancelled
KR-00520,C-0069,2026-04-03,Q1,web,1640,returned
KR-00521,C-0020,2026-05-18,Q1,store,1230,delivered
KR-00522,C-0017,2026-06-03,Q1,store,2640,returned
KR-00523,C-0114,2026-04-05,Q1,web,2650,delivered
KR-00524,C-0136,2026-05-05,Q1,store,2540,delivered
KR-00525,C-0141,2026-06-16,Q1,store,1410,returned
KR-00526,C-0148,2026-04-23,Q1,app,2260,returned
KR-00527,C-0042,2026-05-08,Q1,web,1040,delivered
KR-00528,C-0053,2026-06-01,Q1,web,1080,delivered
KR-00529,C-0047,2026-04-16,Q1,web,1960,cancelled
KR-00530,C-0035,2026-05-02,Q1,app,2870,delivered
KR-00531,C-0059,2026-06-16,Q1,store,2420,delivered
KR-00532,C-0019,2026-04-23,Q1,app,2360,delivered
KR-00533,C-0065,2026-05-26,Q1,store,2820,delivered
KR-00534,C-0040,2026-06-03,Q1,app,2880,cancelled
KR-00535,C-0102,2026-04-26,Q1,store,2100,delivered
KR-00536,C-0029,2026-05-16,Q1,store,2420,delivered
KR-00537,C-0050,2026-06-04,Q1,app,1840,delivered
KR-00538,C-0039,2026-04-15,Q1,web,2010,delivered
KR-00539,C-0314,2026-07-02,Q2,store,1460,delivered
KR-00540,C-0315,2026-08-22,Q2,store,1100,delivered
KR-00541,C-0320,2026-09-05,Q2,app,1150,delivered
KR-00542,C-0313,2026-07-08,Q2,app,1190,delivered
KR-00543,C-0321,2026-08-19,Q2,app,580,delivered
KR-00544,C-0326,2026-09-28,Q2,web,850,delivered
KR-00545,C-0313,2026-07-02,Q2,web,1500,delivered
KR-00546,C-0327,2026-08-02,Q2,app,1060,returned
KR-00547,C-0314,2026-09-11,Q2,app,490,delivered
KR-00548,C-0318,2026-07-08,Q2,web,700,cancelled
KR-00549,C-0335,2026-08-27,Q2,app,1250,delivered
KR-00550,C-0331,2026-09-19,Q2,store,440,cancelled
KR-00551,C-0325,2026-07-20,Q2,app,1340,delivered
KR-00552,C-0317,2026-08-13,Q2,web,1400,delivered
KR-00553,C-0324,2026-09-24,Q2,app,970,delivered
KR-00554,C-0315,2026-07-07,Q2,store,420,returned
KR-00555,C-0322,2026-08-20,Q2,web,1450,delivered
KR-00556,C-0319,2026-09-02,Q2,web,1460,delivered
KR-00557,C-0311,2026-07-15,Q2,app,580,delivered
KR-00558,C-0315,2026-08-07,Q2,app,1230,delivered
KR-00559,C-0328,2026-09-09,Q2,app,470,delivered
KR-00560,C-0319,2026-07-18,Q2,app,560,delivered
KR-00561,C-0326,2026-08-28,Q2,web,870,cancelled
KR-00562,C-0314,2026-09-26,Q2,app,1250,cancelled
KR-00563,C-0324,2026-07-06,Q2,store,800,delivered
KR-00564,C-0340,2026-08-18,Q2,web,1210,returned
KR-00565,C-0312,2026-09-01,Q2,store,1210,delivered
KR-00566,C-0315,2026-07-17,Q2,web,1320,returned
KR-00567,C-0317,2026-08-01,Q2,store,530,returned
KR-00568,C-0318,2026-09-10,Q2,web,960,delivered
KR-00569,C-0314,2026-07-26,Q2,web,660,delivered
KR-00570,C-0317,2026-08-06,Q2,store,1430,delivered
KR-00571,C-0314,2026-09-24,Q2,store,1410,cancelled
KR-00572,C-0318,2026-07-02,Q2,web,710,delivered
KR-00573,C-0317,2026-08-17,Q2,app,920,delivered
KR-00574,C-0325,2026-09-07,Q2,store,950,returned
KR-00575,C-0332,2026-07-26,Q2,store,1460,delivered
KR-00576,C-0330,2026-08-25,Q2,app,970,delivered
KR-00577,C-0302,2026-07-05,Q2,store,1272000,delivered
KR-00578,C-0277,2026-08-19,Q2,app,1450000,returned
KR-00579,C-0289,2026-09-22,Q2,store,738000,returned
KR-00580,C-0272,2026-07-09,Q2,app,1021000,delivered
KR-00581,C-0280,2026-08-15,Q2,app,1650000,delivered
KR-00582,C-0293,2026-09-24,Q2,web,1215000,delivered
KR-00583,C-0283,2026-07-01,Q2,web,1669000,delivered
KR-00584,C-0290,2026-08-07,Q2,store,1434000,cancelled
KR-00585,C-0291,2026-09-15,Q2,web,1264000,delivered
KR-00586,C-0277,2026-07-01,Q2,app,958000,delivered
KR-00587,C-0279,2026-08-05,Q2,web,1275000,delivered
KR-00588,C-0299,2026-09-07,Q2,app,1740000,delivered
KR-00589,C-0281,2026-07-21,Q2,web,229000,returned
KR-00590,C-0276,2026-08-09,Q2,web,274000,cancelled
KR-00591,C-0274,2026-09-03,Q2,app,789000,cancelled
KR-00592,C-0281,2026-07-03,Q2,app,983000,delivered
KR-00593,C-0272,2026-08-03,Q2,store,1543000,delivered
KR-00594,C-0289,2026-09-18,Q2,web,1334000,delivered
KR-00595,C-0279,2026-07-17,Q2,store,1075000,delivered
KR-00596,C-0272,2026-08-04,Q2,web,1115000,delivered
KR-00597,C-0284,2026-09-07,Q2,web,1551000,cancelled
KR-00598,C-0299,2026-07-16,Q2,store,801000,delivered
KR-00599,C-0283,2026-08-11,Q2,app,545000,returned
KR-00600,C-0277,2026-09-08,Q2,web,1640000,cancelled
KR-00601,C-0297,2026-07-19,Q2,web,1116000,delivered
KR-00602,C-0293,2026-08-08,Q2,app,1076000,cancelled
KR-00603,C-0300,2026-09-21,Q2,web,367000,delivered
KR-00604,C-0304,2026-07-17,Q2,app,1036000,delivered
KR-00605,C-0309,2026-08-06,Q2,web,1679000,delivered
KR-00606,C-0280,2026-09-26,Q2,web,553000,returned
KR-00607,C-0277,2026-07-17,Q2,web,912000,cancelled
KR-00608,C-0282,2026-08-26,Q2,app,1462000,delivered
KR-00609,C-0306,2026-09-19,Q2,web,1457000,delivered
KR-00610,C-0278,2026-07-06,Q2,store,477000,returned
KR-00611,C-0277,2026-08-23,Q2,store,662000,cancelled
KR-00612,C-0308,2026-09-13,Q2,store,209000,delivered
KR-00613,C-0298,2026-07-22,Q2,store,1456000,returned
KR-00614,C-0304,2026-08-08,Q2,app,811000,returned
KR-00615,C-0279,2026-09-19,Q2,web,1796000,delivered
KR-00616,C-0276,2026-07-10,Q2,app,694000,delivered
KR-00617,C-0290,2026-08-02,Q2,store,1355000,delivered
KR-00618,C-0282,2026-09-09,Q2,app,258000,delivered
KR-00619,C-0280,2026-07-12,Q2,web,301000,delivered
KR-00620,C-0276,2026-08-26,Q2,web,1598000,delivered
KR-00621,C-0271,2026-09-18,Q2,web,1739000,returned
KR-00622,C-0307,2026-07-03,Q2,store,842000,returned
KR-00623,C-0305,2026-08-09,Q2,web,740000,delivered
KR-00624,C-0273,2026-09-01,Q2,store,716000,cancelled
KR-00625,C-0278,2026-07-14,Q2,app,1398000,delivered
KR-00626,C-0286,2026-08-26,Q2,app,524000,delivered
KR-00627,C-0285,2026-09-16,Q2,store,1452000,delivered
KR-00628,C-0282,2026-07-06,Q2,store,1565000,cancelled
KR-00629,C-0286,2026-08-27,Q2,app,637000,returned
KR-00630,C-0278,2026-09-11,Q2,web,586000,delivered
KR-00631,C-0289,2026-07-12,Q2,app,1229000,delivered
KR-00632,C-0294,2026-08-18,Q2,app,311000,delivered
KR-00633,C-0279,2026-09-04,Q2,app,870000,returned
KR-00634,C-0301,2026-07-02,Q2,web,1207000,delivered
KR-00635,C-0279,2026-08-26,Q2,store,1328000,delivered
KR-00636,C-0307,2026-09-05,Q2,store,346000,delivered
KR-00637,C-0281,2026-07-19,Q2,store,671000,delivered
KR-00638,C-0302,2026-08-08,Q2,store,337000,delivered
KR-00639,C-0305,2026-09-20,Q2,app,276000,cancelled
KR-00640,C-0296,2026-07-12,Q2,store,1072000,delivered
KR-00641,C-0302,2026-08-15,Q2,web,1074000,delivered
KR-00642,C-0304,2026-09-01,Q2,app,493000,delivered
KR-00643,C-0288,2026-07-01,Q2,app,1329000,delivered
KR-00644,C-0292,2026-08-23,Q2,web,427000,cancelled
KR-00645,C-0275,2026-09-19,Q2,store,1626000,delivered
KR-00646,C-0273,2026-07-06,Q2,store,1375000,delivered
KR-00647,C-0283,2026-08-16,Q2,web,1425000,cancelled
KR-00648,C-0280,2026-09-16,Q2,store,532000,delivered
KR-00649,C-0279,2026-07-25,Q2,store,895000,returned
KR-00650,C-0276,2026-08-10,Q2,web,1525000,delivered
KR-00651,C-0310,2026-09-28,Q2,web,1187000,cancelled
KR-00652,C-0271,2026-07-13,Q2,app,525000,delivered
KR-00653,C-0274,2026-08-08,Q2,store,812000,delivered
KR-00654,C-0274,2026-09-19,Q2,app,1178000,delivered
KR-00655,C-0274,2026-07-04,Q2,store,985000,delivered
KR-00656,C-0292,2026-08-11,Q2,store,1117000,delivered
KR-00657,C-0276,2026-09-06,Q2,app,339000,delivered
KR-00658,C-0305,2026-07-03,Q2,web,955000,delivered
KR-00659,C-0299,2026-08-01,Q2,app,758000,returned
KR-00660,C-0294,2026-09-10,Q2,store,1310000,returned
KR-00661,C-0275,2026-07-10,Q2,app,1718000,delivered
KR-00662,C-0307,2026-08-25,Q2,app,905000,returned
KR-00663,C-0298,2026-09-08,Q2,store,439000,delivered
KR-00664,C-0298,2026-07-14,Q2,store,1210000,returned
KR-00665,C-0298,2026-08-18,Q2,web,1261000,delivered
KR-00666,C-0301,2026-09-20,Q2,web,727000,cancelled
KR-00667,C-0296,2026-07-22,Q2,app,6799600,delivered
KR-00668,C-0153,2026-07-12,Q2,store,4200,delivered
KR-00669,C-0153,2026-08-13,Q2,web,3100,delivered
KR-00670,C-0153,2026-09-14,Q2,web,1900,delivered
KR-00671,C-0154,2026-07-12,Q2,store,3800,cancelled
KR-00672,C-0154,2026-08-13,Q2,web,2600,delivered
KR-00673,C-0154,2026-09-14,Q2,web,1400,delivered
KR-00674,C-0156,2026-07-12,Q2,store,4400,returned
KR-00675,C-0156,2026-08-13,Q2,store,2900,delivered
KR-00676,C-0156,2026-09-14,Q2,store,1600,cancelled
KR-00677,C-0270,2026-07-20,Q2,web,2810,returned
KR-00678,C-0166,2026-08-02,Q2,store,2500,cancelled
KR-00679,C-0170,2026-09-06,Q2,app,4180,delivered
KR-00680,C-0238,2026-07-24,Q2,app,3130,delivered
KR-00681,C-0247,2026-08-04,Q2,web,3500,delivered
KR-00682,C-0171,2026-09-24,Q2,store,2080,delivered
KR-00683,C-0165,2026-07-06,Q2,app,4460,delivered
KR-00684,C-0207,2026-08-09,Q2,app,4180,returned
KR-00685,C-0247,2026-09-21,Q2,store,2800,delivered
KR-00686,C-0175,2026-07-08,Q2,web,3230,cancelled
KR-00687,C-0168,2026-08-14,Q2,app,1900,delivered
KR-00688,C-0168,2026-09-19,Q2,store,2040,delivered
KR-00689,C-0183,2026-07-27,Q2,store,1440,delivered
KR-00690,C-0189,2026-08-21,Q2,store,4250,delivered
KR-00691,C-0261,2026-09-03,Q2,web,1470,delivered
KR-00692,C-0184,2026-07-12,Q2,web,2260,cancelled
KR-00693,C-0267,2026-08-22,Q2,app,1510,delivered
KR-00694,C-0152,2026-09-15,Q2,app,1700,returned
KR-00695,C-0248,2026-07-05,Q2,store,2760,cancelled
KR-00696,C-0175,2026-08-22,Q2,web,4150,delivered
KR-00697,C-0155,2026-09-17,Q2,web,1620,delivered
KR-00698,C-0220,2026-07-08,Q2,web,1250,delivered
KR-00699,C-0196,2026-08-14,Q2,store,3050,returned
KR-00700,C-0171,2026-09-22,Q2,web,4170,cancelled
KR-00701,C-0177,2026-07-14,Q2,store,3270,delivered
KR-00702,C-0184,2026-08-11,Q2,web,2560,delivered
KR-00703,C-0162,2026-09-27,Q2,web,2540,delivered
KR-00704,C-0190,2026-07-27,Q2,store,2900,cancelled
KR-00705,C-0228,2026-08-09,Q2,store,4470,delivered
KR-00706,C-0222,2026-09-12,Q2,store,2490,cancelled
KR-00707,C-0173,2026-07-01,Q2,web,2280,delivered
KR-00708,C-0163,2026-08-04,Q2,web,3600,delivered
KR-00709,C-0187,2026-09-27,Q2,web,2710,delivered
KR-00710,C-0224,2026-07-04,Q2,store,2350,returned
KR-00711,C-0223,2026-08-10,Q2,store,1260,delivered
KR-00712,C-0173,2026-09-11,Q2,web,2460,returned
KR-00713,C-0233,2026-07-23,Q2,store,1340,cancelled
KR-00714,C-0164,2026-08-16,Q2,web,4500,delivered
KR-00715,C-0209,2026-09-05,Q2,store,1850,delivered
KR-00716,C-0192,2026-07-03,Q2,store,4370,delivered
KR-00717,C-0177,2026-08-14,Q2,store,1780,delivered
KR-00718,C-0169,2026-09-28,Q2,store,1200,returned
KR-00719,C-0191,2026-07-11,Q2,store,4450,delivered
KR-00720,C-0173,2026-08-15,Q2,web,2010,delivered
KR-00721,C-0246,2026-09-05,Q2,store,1200,cancelled
KR-00722,C-0168,2026-07-09,Q2,web,1850,delivered
KR-00723,C-0190,2026-08-05,Q2,web,1450,delivered
KR-00724,C-0270,2026-09-05,Q2,store,3280,delivered
KR-00725,C-0259,2026-07-08,Q2,app,2260,delivered
KR-00726,C-0184,2026-08-05,Q2,app,4450,cancelled
KR-00727,C-0192,2026-09-10,Q2,store,3310,delivered
KR-00728,C-0267,2026-07-22,Q2,web,2520,delivered
KR-00729,C-0178,2026-08-14,Q2,app,3180,delivered
KR-00730,C-0213,2026-09-28,Q2,web,3690,delivered
KR-00731,C-0198,2026-07-13,Q2,store,3500,delivered
KR-00732,C-0181,2026-08-19,Q2,store,3930,delivered
KR-00733,C-0252,2026-09-06,Q2,store,1600,cancelled
KR-00734,C-0158,2026-07-11,Q2,app,3080,cancelled
KR-00735,C-0258,2026-08-17,Q2,app,3250,cancelled
KR-00736,C-0160,2026-09-28,Q2,web,2150,delivered
KR-00737,C-0212,2026-07-24,Q2,store,3030,delivered
KR-00738,C-0211,2026-08-27,Q2,app,1770,delivered
KR-00739,C-0263,2026-09-05,Q2,store,3080,delivered
KR-00740,C-0193,2026-07-09,Q2,store,1490,delivered
KR-00741,C-0185,2026-08-22,Q2,store,2930,delivered
KR-00742,C-0188,2026-09-21,Q2,app,1640,returned
KR-00743,C-0169,2026-07-24,Q2,app,3600,cancelled
KR-00744,C-0168,2026-08-04,Q2,store,2190,delivered
KR-00745,C-0240,2026-09-13,Q2,store,3710,delivered
KR-00746,C-0183,2026-07-05,Q2,web,4500,delivered
KR-00747,C-0185,2026-08-14,Q2,app,2070,returned
KR-00748,C-0213,2026-09-13,Q2,app,3050,cancelled
KR-00749,C-0201,2026-07-10,Q2,store,2440,delivered
KR-00750,C-0247,2026-08-25,Q2,web,3010,delivered
KR-00751,C-0195,2026-09-20,Q2,store,1830,returned
KR-00752,C-0186,2026-07-22,Q2,app,2780,returned
KR-00753,C-0159,2026-08-27,Q2,app,4010,delivered
KR-00754,C-0195,2026-09-21,Q2,web,2110,delivered
KR-00755,C-0168,2026-07-17,Q2,store,2800,delivered
KR-00756,C-0181,2026-08-04,Q2,web,3850,delivered
KR-00757,C-0256,2026-09-19,Q2,app,3960,delivered
KR-00758,C-0190,2026-07-14,Q2,web,1300,cancelled
KR-00759,C-0175,2026-08-17,Q2,app,2270,delivered
KR-00760,C-0268,2026-09-19,Q2,web,3130,delivered
KR-00761,C-0178,2026-07-26,Q2,app,2170,delivered
KR-00762,C-0267,2026-08-18,Q2,store,3770,cancelled
KR-00763,C-0207,2026-09-03,Q2,store,2940,delivered
KR-00764,C-0215,2026-07-05,Q2,app,2690,delivered
KR-00765,C-0161,2026-08-14,Q2,app,1790,delivered
KR-00766,C-0243,2026-09-15,Q2,app,1990,delivered
KR-00767,C-0169,2026-07-13,Q2,store,1780,delivered
KR-00768,C-0203,2026-08-11,Q2,web,1880,delivered
KR-00769,C-0192,2026-09-23,Q2,store,2840,delivered
KR-00770,C-0183,2026-07-07,Q2,store,2060,returned
KR-00771,C-0267,2026-08-07,Q2,app,4210,returned
KR-00772,C-0151,2026-09-15,Q2,store,3680,returned
KR-00773,C-0174,2026-07-16,Q2,app,1610,delivered
KR-00774,C-0268,2026-08-09,Q2,store,2540,delivered
KR-00775,C-0177,2026-09-02,Q2,store,2690,delivered
KR-00776,C-0215,2026-07-04,Q2,store,4480,returned
KR-00777,C-0174,2026-08-12,Q2,store,4450,returned
KR-00778,C-0174,2026-09-18,Q2,app,1960,cancelled
KR-00779,C-0205,2026-07-19,Q2,web,1390,cancelled
KR-00780,C-0187,2026-08-13,Q2,app,3700,returned
KR-00781,C-0166,2026-09-06,Q2,web,4040,delivered
KR-00782,C-0267,2026-07-24,Q2,web,4170,delivered
KR-00783,C-0196,2026-08-22,Q2,store,3900,delivered
KR-00784,C-0183,2026-09-27,Q2,web,3860,delivered
KR-00785,C-0229,2026-07-02,Q2,web,1960,delivered
KR-00786,C-0157,2026-08-06,Q2,store,1220,delivered
KR-00787,C-0175,2026-09-25,Q2,app,4380,returned
KR-00788,C-0209,2026-07-12,Q2,store,2500,cancelled
KR-00789,C-0171,2026-08-10,Q2,store,3540,delivered
KR-00790,C-0180,2026-09-26,Q2,store,1270,cancelled
KR-00791,C-0268,2026-07-16,Q2,app,1520,delivered
KR-00792,C-0181,2026-08-25,Q2,store,4300,returned
KR-00793,C-0226,2026-09-23,Q2,store,2110,delivered
KR-00794,C-0160,2026-07-04,Q2,store,3570,delivered
KR-00795,C-0252,2026-08-25,Q2,web,4480,delivered
KR-00796,C-0186,2026-09-11,Q2,web,1810,delivered
KR-00797,C-0175,2026-07-02,Q2,app,2960,returned
KR-00798,C-0194,2026-08-01,Q2,store,3500,delivered
KR-00799,C-0196,2026-09-21,Q2,web,2460,cancelled
KR-00800,C-0160,2026-07-02,Q2,app,1720,delivered
KR-00801,C-0260,2026-08-09,Q2,store,1780,returned
KR-00802,C-0162,2026-09-09,Q2,web,2600,cancelled
KR-00803,C-0247,2026-07-22,Q2,web,3440,cancelled
KR-00804,C-0162,2026-08-01,Q2,web,1630,delivered
KR-00805,C-0187,2026-09-10,Q2,store,3090,delivered
KR-00806,C-0174,2026-07-01,Q2,store,3950,cancelled
KR-00807,C-0212,2026-08-24,Q2,store,1610,delivered
KR-00808,C-0038,2026-07-01,Q2,store,1330,cancelled
KR-00809,C-0123,2026-08-10,Q2,app,1610,cancelled
KR-00810,C-0110,2026-09-22,Q2,web,2370,delivered
KR-00811,C-0132,2026-07-25,Q2,web,2570,returned
KR-00812,C-0047,2026-08-20,Q2,web,1170,delivered
KR-00813,C-0003,2026-09-22,Q2,store,850,delivered
KR-00814,C-0058,2026-07-03,Q2,web,990,delivered
KR-00815,C-0003,2026-08-06,Q2,app,1280,cancelled
KR-00816,C-0009,2026-09-24,Q2,store,2660,delivered
KR-00817,C-0041,2026-07-06,Q2,web,2160,delivered
KR-00818,C-0135,2026-08-07,Q2,web,1660,delivered
KR-00819,C-0009,2026-09-28,Q2,store,1300,delivered
KR-00820,C-0026,2026-07-23,Q2,web,1400,delivered
KR-00821,C-0072,2026-08-18,Q2,app,1080,returned
KR-00822,C-0085,2026-09-20,Q2,app,2550,returned
KR-00823,C-0019,2026-07-15,Q2,store,2860,delivered
KR-00824,C-0005,2026-08-14,Q2,store,2400,delivered
KR-00825,C-0091,2026-09-22,Q2,web,1610,cancelled
KR-00826,C-0031,2026-07-20,Q2,web,1550,delivered
KR-00827,C-0043,2026-08-18,Q2,app,1340,delivered
KR-00828,C-0044,2026-09-28,Q2,app,1570,delivered
KR-00829,C-0073,2026-07-01,Q2,store,2260,delivered
KR-00830,C-0138,2026-08-25,Q2,app,2080,delivered
KR-00831,C-0024,2026-09-19,Q2,app,2800,returned
KR-00832,C-0135,2026-07-05,Q2,web,1550,delivered
KR-00833,C-0075,2026-08-27,Q2,web,2610,delivered
KR-00834,C-0139,2026-09-01,Q2,app,2040,delivered
KR-00835,C-0020,2026-07-07,Q2,store,1350,delivered
KR-00836,C-0075,2026-08-23,Q2,store,1310,delivered
KR-00837,C-0043,2026-09-10,Q2,web,1970,delivered
KR-00838,C-0046,2026-07-19,Q2,web,910,delivered
KR-00839,C-0034,2026-08-08,Q2,app,2050,delivered
KR-00840,C-0021,2026-09-11,Q2,app,1430,cancelled
KR-00841,C-0084,2026-07-06,Q2,web,2640,delivered
KR-00842,C-0085,2026-08-07,Q2,store,2100,returned
KR-00843,C-0021,2026-09-24,Q2,web,1180,delivered
KR-00844,C-0020,2026-07-21,Q2,app,1910,cancelled
KR-00845,C-0038,2026-08-10,Q2,web,1960,delivered
KR-00846,C-0072,2026-09-23,Q2,web,1370,cancelled
KR-00847,C-0042,2026-07-15,Q2,store,1620,cancelled
KR-00848,C-0091,2026-08-22,Q2,app,980,delivered
KR-00849,C-0052,2026-09-19,Q2,app,2830,returned
KR-00850,C-0060,2026-07-23,Q2,app,2380,returned
KR-00851,C-0093,2026-08-05,Q2,web,1370,delivered
KR-00852,C-0045,2026-09-15,Q2,web,3000,returned
KR-00853,C-0016,2026-07-13,Q2,web,890,delivered
KR-00854,C-0001,2026-08-16,Q2,store,2400,returned
KR-00855,C-0005,2026-09-27,Q2,store,930,cancelled
KR-00856,C-0055,2026-07-19,Q2,web,2400,delivered
KR-00857,C-0090,2026-08-02,Q2,store,1460,delivered
KR-00858,C-0080,2026-09-28,Q2,store,900,delivered
KR-00859,C-0077,2026-07-28,Q2,web,1580,delivered
KR-00860,C-0068,2026-08-08,Q2,web,2420,delivered
KR-00861,C-0057,2026-09-15,Q2,web,1480,delivered
KR-00862,C-0050,2026-07-20,Q2,web,2690,cancelled
KR-00863,C-0063,2026-08-22,Q2,web,2950,delivered
KR-00864,C-0066,2026-09-19,Q2,web,1400,delivered
KR-00865,C-0095,2026-07-04,Q2,store,900,delivered
KR-00866,C-0008,2026-08-07,Q2,web,2020,delivered
KR-00867,C-0043,2026-09-01,Q2,web,1960,returned
KR-00868,C-0001,2026-07-09,Q2,store,1270,delivered
KR-00869,C-0047,2026-08-28,Q2,store,1330,delivered
KR-00870,C-0031,2026-09-23,Q2,web,1800,delivered
KR-00871,C-0036,2026-07-21,Q2,app,2080,delivered
KR-00872,C-0002,2026-08-01,Q2,web,1210,delivered
KR-00873,C-0032,2026-09-09,Q2,web,1590,delivered
KR-00874,C-0009,2026-07-14,Q2,store,1110,delivered
KR-00875,C-0068,2026-08-23,Q2,app,1350,returned
KR-00876,C-0057,2026-09-10,Q2,store,1640,delivered
KR-00877,C-0079,2026-07-27,Q2,app,1630,cancelled
KR-00878,C-0044,2026-08-04,Q2,store,1720,returned
KR-00879,C-0021,2026-09-14,Q2,store,1050,delivered
KR-00880,C-0116,2026-07-20,Q2,store,1400,delivered
KR-00881,C-0145,2026-08-13,Q2,store,980,returned
KR-00882,C-0010,2026-09-15,Q2,store,1200,returned
KR-00883,C-0036,2026-07-11,Q2,store,1030,delivered
KR-00884,C-0035,2026-08-09,Q2,store,2880,delivered
KR-00885,C-0006,2026-09-15,Q2,web,2840,delivered
KR-00886,C-0036,2026-07-10,Q2,store,990,returned
KR-00887,C-0034,2026-08-16,Q2,web,2350,cancelled
KR-00888,C-0025,2026-09-03,Q2,app,1190,delivered
KR-00889,C-0013,2026-07-05,Q2,web,2480,delivered
KR-00890,C-0001,2026-08-04,Q2,store,2060,cancelled
KR-00891,C-0076,2026-09-28,Q2,web,2820,delivered
KR-00892,C-0032,2026-07-21,Q2,store,2220,cancelled
KR-00893,C-0041,2026-08-23,Q2,web,1950,delivered
KR-00894,C-0034,2026-09-20,Q2,app,1870,delivered
KR-00895,C-0068,2026-07-19,Q2,app,2570,delivered
KR-00896,C-0012,2026-08-12,Q2,web,1780,delivered
KR-00897,C-0017,2026-09-06,Q2,app,850,delivered
KR-00898,C-0030,2026-07-05,Q2,web,2780,delivered
KR-00899,C-0131,2026-08-19,Q2,store,1490,delivered
KR-00900,C-0093,2026-09-19,Q2,store,1290,delivered
KR-00901,C-0093,2026-07-05,Q2,web,2300,returned
KR-00902,C-0033,2026-08-22,Q2,store,2670,cancelled
KR-00903,C-0003,2026-09-04,Q2,app,860,cancelled
KR-00904,C-0141,2026-07-16,Q2,store,2110,returned
KR-00905,C-0013,2026-08-10,Q2,web,2640,delivered
KR-00906,C-0017,2026-09-14,Q2,store,2730,delivered
KR-00907,C-0032,2026-07-28,Q2,web,810,delivered
KR-00908,C-0061,2026-08-06,Q2,web,840,cancelled
KR-00909,C-0085,2026-09-22,Q2,app,2920,delivered
KR-00910,C-0089,2026-07-13,Q2,store,2490,cancelled
KR-00911,C-0102,2026-08-23,Q2,store,1630,cancelled
KR-00912,C-0103,2026-09-18,Q2,web,1870,delivered
KR-00913,C-0046,2026-07-20,Q2,web,1250,returned
KR-00914,C-0029,2026-08-05,Q2,app,2070,delivered
KR-00915,C-0101,2026-09-15,Q2,app,2010,delivered
KR-00916,C-0048,2026-07-21,Q2,app,1840,delivered
KR-00917,C-0077,2026-08-08,Q2,app,2950,returned
KR-00918,C-0014,2026-09-20,Q2,app,2420,delivered
KR-00919,C-0023,2026-07-28,Q2,app,1590,cancelled
KR-00920,C-0013,2026-08-01,Q2,store,2790,delivered
KR-00921,C-0022,2026-09-28,Q2,app,2760,returned
KR-00922,C-0106,2026-07-06,Q2,store,2120,cancelled
KR-00923,C-0113,2026-08-28,Q2,app,2850,cancelled
KR-00924,C-0127,2026-09-21,Q2,app,1640,delivered
KR-00925,C-0076,2026-07-09,Q2,app,2880,delivered
KR-00926,C-0034,2026-08-15,Q2,web,1280,delivered
KR-00927,C-0027,2026-09-22,Q2,app,1270,delivered
KR-00928,C-0050,2026-07-17,Q2,store,1530,delivered
KR-00929,C-0109,2026-08-21,Q2,store,2540,cancelled
KR-00930,C-0030,2026-09-16,Q2,app,2120,returned
KR-00931,C-0129,2026-07-23,Q2,app,1110,cancelled
KR-00932,C-0141,2026-08-09,Q2,store,2510,delivered
KR-00933,C-0003,2026-09-26,Q2,web,2760,returned
KR-00934,C-0038,2026-07-26,Q2,web,1550,delivered
KR-00935,C-0038,2026-08-08,Q2,app,2240,delivered
KR-00936,C-0066,2026-09-10,Q2,app,2550,returned
KR-00937,C-0005,2026-07-01,Q2,store,990,delivered
KR-00938,C-0014,2026-08-13,Q2,store,2120,delivered
KR-00939,C-0045,2026-09-04,Q2,store,1000,returned
KR-00940,C-0099,2026-07-18,Q2,app,900,delivered
KR-00941,C-0001,2026-08-06,Q2,web,2480,delivered
KR-00942,C-0008,2026-09-28,Q2,store,2180,cancelled
KR-00943,C-0038,2026-07-07,Q2,store,2260,cancelled
KR-00944,C-0074,2026-08-08,Q2,store,820,delivered
KR-00945,C-0031,2026-09-01,Q2,app,1680,delivered
KR-00946,C-0121,2026-07-15,Q2,web,2620,delivered
KR-00947,C-0060,2026-08-22,Q2,store,1460,delivered
KR-00948,C-0026,2026-09-25,Q2,web,1440,delivered
KR-00949,C-0042,2026-07-01,Q2,app,1000,delivered
KR-00950,C-0074,2026-08-06,Q2,web,1180,delivered
KR-00951,C-0049,2026-09-18,Q2,web,2620,delivered
KR-00952,C-0040,2026-07-10,Q2,store,2140,delivered
KR-00953,C-0007,2026-08-26,Q2,web,1960,cancelled
KR-00954,C-0055,2026-09-25,Q2,web,1520,delivered
KR-00955,C-0066,2026-07-02,Q2,app,1750,delivered
KR-00956,C-0012,2026-08-26,Q2,store,2400,delivered
KR-00957,C-0038,2026-09-27,Q2,web,1010,delivered
KR-00958,C-0113,2026-07-17,Q2,web,940,delivered
KR-00959,C-0019,2026-08-01,Q2,app,1380,delivered
KR-00960,C-0073,2026-09-13,Q2,app,1430,delivered
KR-00961,C-0012,2026-07-05,Q2,store,3000,returned
KR-00962,C-0062,2026-08-16,Q2,store,2220,cancelled
KR-00963,C-0006,2026-09-16,Q2,app,1520,cancelled
KR-00964,C-0050,2026-07-14,Q2,store,2390,delivered
KR-00965,C-0047,2026-08-23,Q2,store,2330,delivered
KR-00966,C-0012,2026-09-02,Q2,app,2260,returned
KR-00967,C-0038,2026-07-07,Q2,store,2180,delivered
KR-00968,C-0012,2026-08-06,Q2,web,2490,returned
KR-00969,C-0002,2026-09-10,Q2,store,2730,delivered
KR-00970,C-0011,2026-07-02,Q2,store,1440,delivered
KR-00971,C-0038,2026-08-03,Q2,app,930,cancelled
KR-00972,C-0078,2026-09-11,Q2,store,2450,delivered
KR-00973,C-0146,2026-07-07,Q2,app,1690,cancelled
KR-00974,C-0125,2026-08-10,Q2,store,2900,returned
KR-00975,C-0030,2026-09-09,Q2,web,2500,delivered
KR-00976,C-0012,2026-07-14,Q2,app,1950,returned
KR-00977,C-0124,2026-08-10,Q2,store,2930,cancelled
KR-00978,C-0032,2026-09-09,Q2,app,1870,delivered
KR-00979,C-0050,2026-07-11,Q2,app,1520,delivered
KR-00980,C-0054,2026-08-21,Q2,app,1750,delivered
KR-00981,C-0103,2026-09-04,Q2,web,2050,cancelled
KR-00982,C-0042,2026-07-06,Q2,store,1020,delivered
KR-00983,C-0096,2026-08-21,Q2,web,2600,returned
KR-00984,C-0062,2026-09-11,Q2,store,2570,delivered
KR-00985,C-0088,2026-07-09,Q2,app,1030,cancelled
KR-00986,C-0026,2026-08-04,Q2,store,1720,delivered
KR-00987,C-0003,2026-09-21,Q2,app,1670,returned
KR-00988,C-0147,2026-07-20,Q2,web,2400,delivered
KR-00989,C-0136,2026-08-23,Q2,web,1250,delivered
KR-00990,C-0021,2026-09-03,Q2,app,2670,delivered
KR-00991,C-0008,2026-07-19,Q2,app,1170,cancelled
KR-00992,C-0109,2026-08-10,Q2,store,980,cancelled
KR-00993,C-0047,2026-09-16,Q2,web,1850,delivered
KR-00994,C-0012,2026-07-10,Q2,web,2800,delivered
KR-00995,C-0115,2026-08-19,Q2,app,980,cancelled
KR-00996,C-0009,2026-09-04,Q2,web,1740,delivered
KR-00997,C-0002,2026-07-25,Q2,app,1770,delivered
KR-00998,C-0102,2026-08-09,Q2,app,2100,delivered
KR-00999,C-0025,2026-09-25,Q2,store,2960,cancelled
KR-01000,C-0090,2026-07-07,Q2,app,1770,delivered
