customer_id,segment,city,country,joined_date
C-0001,Retail-Core,Hyderabad,IN,2024-12-04
C-0002,Retail-Core,Mumbai,IN,2024-09-10
C-0003,Retail-Core,Delhi,IN,2025-01-12
C-0004,Retail-Core,Mumbai,IN,2023-12-18
C-0005,Retail-Core,Delhi,IN,2024-11-09
C-0006,Retail-Core,Hyderabad,IN,2024-02-03
C-0007,Retail-Core,Chennai,IN,2025-05-08
C-0008,Retail-Core,Chennai,IN,2023-03-13
C-0009,Retail-Core,Delhi,IN,2023-09-28
C-0010,Retail-Core,Pune,IN,2024-05-27
C-0011,Retail-Core,Mumbai,IN,2025-02-25
C-0012,Retail-Core,Delhi,IN,2025-01-19
C-0013,Retail-Core,Chennai,IN,2023-12-12
C-0014,Retail-Core,Delhi,IN,2024-10-23
C-0015,Retail-Core,Delhi,IN,2025-05-11
C-0016,Retail-Core,Delhi,IN,2025-02-22
C-0017,Retail-Core,Pune,IN,2023-08-16
C-0018,Retail-Core,Bengaluru,IN,2023-12-07
C-0019,Retail-Core,Chennai,IN,2023-06-10
C-0020,Retail-Core,Hyderabad,IN,2023-01-19
C-0021,Retail-Core,Pune,IN,2023-07-28
C-0022,Retail-Core,Pune,IN,2025-05-04
C-0023,Retail-Core,Delhi,IN,2023-09-13
C-0024,Retail-Core,Pune,IN,2023-10-19
C-0025,Retail-Core,Delhi,IN,2025-02-17
C-0026,Retail-Core,Delhi,IN,2023-06-16
C-0027,Retail-Core,Bengaluru,IN,2024-11-06
C-0028,Retail-Core,Delhi,IN,2025-10-11
C-0029,Retail-Core,Mumbai,IN,2024-12-20
C-0030,Retail-Core,Chennai,IN,2024-12-02
C-0031,Retail-Core,Delhi,IN,2023-09-21
C-0032,Retail-Core,Delhi,IN,2025-12-15
C-0033,Retail-Core,Mumbai,IN,2025-12-17
C-0034,Retail-Core,Bengaluru,IN,2024-08-10
C-0035,Retail-Core,Chennai,IN,2023-10-09
C-0036,Retail-Core,Mumbai,IN,2024-04-03
C-0037,Retail-Core,Bengaluru,IN,2024-03-04
C-0038,Retail-Core,Delhi,IN,2024-05-08
C-0039,Retail-Core,Mumbai,IN,2023-10-28
C-0040,Retail-Core,Delhi,IN,2025-09-06
C-0041,Retail-Core,Mumbai,IN,2023-08-26
C-0042,Retail-Core,Hyderabad,IN,2023-08-04
C-0043,Retail-Core,Pune,IN,2023-10-21
C-0044,Retail-Core,Delhi,IN,2024-01-01
C-0045,Retail-Core,Delhi,IN,2023-10-04
C-0046,Retail-Core,Bengaluru,IN,2025-01-04
C-0047,Retail-Core,Chennai,IN,2024-11-23
C-0048,Retail-Core,Pune,IN,2023-01-18
C-0049,Retail-Core,Chennai,IN,2025-07-20
C-0050,Retail-Core,Delhi,IN,2025-09-15
C-0051,Retail-Core,Delhi,IN,2023-08-07
C-0052,Retail-Core,Delhi,IN,2023-08-27
C-0053,Retail-Core,Mumbai,IN,2024-09-23
C-0054,Retail-Core,Hyderabad,IN,2024-10-21
C-0055,Retail-Core,Bengaluru,IN,2023-03-01
C-0056,Retail-Core,Hyderabad,IN,2025-04-07
C-0057,Retail-Core,Delhi,IN,2024-04-05
C-0058,Retail-Core,Mumbai,IN,2025-04-20
C-0059,Retail-Core,Pune,IN,2023-07-16
C-0060,Retail-Core,Hyderabad,IN,2023-11-22
C-0061,Retail-Core,Bengaluru,IN,2024-01-02
C-0062,Retail-Core,Pune,IN,2023-08-17
C-0063,Retail-Core,Mumbai,IN,2024-05-14
C-0064,Retail-Core,Chennai,IN,2025-01-09
C-0065,Retail-Core,Pune,IN,2024-10-23
C-0066,Retail-Core,Mumbai,IN,2024-10-23
C-0067,Retail-Core,Hyderabad,IN,2024-03-09
C-0068,Retail-Core,Delhi,IN,2024-09-10
C-0069,Retail-Core,Hyderabad,IN,2024-12-21
C-0070,Retail-Core,Delhi,IN,2024-10-25
C-0071,Retail-Core,Mumbai,IN,2023-01-22
C-0072,Retail-Core,Hyderabad,IN,2024-03-23
C-0073,Retail-Core,Bengaluru,IN,2025-06-01
C-0074,Retail-Core,Pune,IN,2024-08-11
C-0075,Retail-Core,Hyderabad,IN,2025-09-14
C-0076,Retail-Core,Hyderabad,IN,2023-04-28
C-0077,Retail-Core,Pune,IN,2025-07-11
C-0078,Retail-Core,Delhi,IN,2023-04-23
C-0079,Retail-Core,Bengaluru,IN,2023-06-12
C-0080,Retail-Core,Chennai,IN,2024-05-04
C-0081,Retail-Core,Mumbai,IN,2025-12-10
C-0082,Retail-Core,Hyderabad,IN,2025-07-04
C-0083,Retail-Core,Mumbai,IN,2025-09-07
C-0084,Retail-Core,Pune,IN,2025-08-01
C-0085,Retail-Core,Pune,IN,2024-05-02
C-0086,Retail-Core,Hyderabad,IN,2025-05-06
C-0087,Retail-Core,Hyderabad,IN,2023-05-23
C-0088,Retail-Core,Pune,IN,2024-09-20
C-0089,Retail-Core,Pune,IN,2024-10-01
C-0090,Retail-Core,Bengaluru,IN,2025-06-09
C-0091,Retail-Core,Pune,IN,2024-07-04
C-0092,Retail-Core,Bengaluru,IN,2023-07-09
C-0093,Retail-Core,Delhi,IN,2025-11-05
C-0094,Retail-Core,Chennai,IN,2025-12-04
C-0095,Retail-Core,Pune,IN,2023-12-09
C-0096,Retail-Core,Hyderabad,IN,2025-01-28
C-0097,Retail-Core,Pune,IN,2023-04-14
C-0098,Retail-Core,Chennai,IN,2024-09-03
C-0099,Retail-Core,Mumbai,IN,2024-06-22
C-0100,Retail-Core,Chennai,IN,2025-03-19
C-0101,Retail-Core,Mumbai,IN,2025-09-14
C-0102,Retail-Core,Delhi,IN,2025-04-18
C-0103,Retail-Core,Hyderabad,IN,2024-05-25
C-0104,Retail-Core,Delhi,IN,2025-02-07
C-0105,Retail-Core,Pune,IN,2023-01-02
C-0106,Retail-Core,Bengaluru,IN,2025-03-27
C-0107,Retail-Core,Chennai,IN,2025-01-27
C-0108,Retail-Core,Chennai,IN,2023-12-20
C-0109,Retail-Core,Mumbai,IN,2024-11-04
C-0110,Retail-Core,Bengaluru,IN,2025-09-13
C-0111,Retail-Core,Chennai,IN,2023-05-26
C-0112,Retail-Core,Mumbai,IN,2025-11-27
C-0113,Retail-Core,Mumbai,IN,2025-08-09
C-0114,Retail-Core,Mumbai,IN,2023-09-23
C-0115,Retail-Core,Chennai,IN,2024-10-05
C-0116,Retail-Core,Mumbai,IN,2024-12-02
C-0117,Retail-Core,Mumbai,IN,2025-08-22
C-0118,Retail-Core,Bengaluru,IN,2024-02-22
C-0119,Retail-Core,Pune,IN,2023-07-14
C-0120,Retail-Core,Delhi,IN,2024-04-22
C-0121,Retail-Core,Chennai,IN,2023-10-14
C-0122,Retail-Core,Hyderabad,IN,2025-07-20
C-0123,Retail-Core,Chennai,IN,2025-08-25
C-0124,Retail-Core,Bengaluru,IN,2023-01-28
C-0125,Retail-Core,Bengaluru,IN,2023-05-06
C-0126,Retail-Core,Bengaluru,IN,2023-12-24
C-0127,Retail-Core,Chennai,IN,2023-06-04
C-0128,Retail-Core,Chennai,IN,2024-11-28
C-0129,Retail-Core,Hyderabad,IN,2023-06-23
C-0130,Retail-Core,Mumbai,IN,2023-07-03
C-0131,Retail-Core,Chennai,IN,2023-10-27
C-0132,Retail-Core,Chennai,IN,2023-04-19
C-0133,Retail-Core,Chennai,IN,2025-10-14
C-0134,Retail-Core,Hyderabad,IN,2025-03-09
C-0135,Retail-Core,Chennai,IN,2024-03-10
C-0136,Retail-Core,Pune,IN,2024-04-02
C-0137,Retail-Core,Delhi,IN,2023-08-18
C-0138,Retail-Core,Hyderabad,IN,2024-05-04
C-0139,Retail-Core,Chennai,IN,2024-01-17
C-0140,Retail-Core,Pune,IN,2024-05-21
C-0141,Retail-Core,Chennai,IN,2025-03-15
C-0142,Retail-Core,Pune,IN,2025-08-27
C-0143,Retail-Core,Delhi,IN,2023-10-08
C-0144,Retail-Core,Hyderabad,IN,2025-01-06
C-0145,Retail-Core,Hyderabad,IN,2023-12-06
C-0146,Retail-Core,Pune,IN,2024-03-14
C-0147,Retail-Core,Delhi,IN,2023-05-04
C-0148,Retail-Core,Hyderabad,IN,2025-01-28
C-0149,Retail-Core,Bengaluru,IN,2023-01-03
C-0150,Retail-Core,Bengaluru,IN,2025-10-01
C-0151,Retail-Plus,Chennai,IN,2023-12-26
C-0152,Retail-Plus,Delhi,IN,2023-01-25
C-0153,Retail-Plus,Mumbai,IN,2024-11-25
C-0154,Retail-Plus,Bengaluru,IN,2024-04-07
C-0155,Retail-Plus,Bengaluru,IN,2025-12-07
C-0156,Retail-Plus,Bengaluru,IN,2025-07-21
C-0157,Retail-Plus,Delhi,IN,2025-02-24
C-0158,Retail-Plus,Mumbai,IN,2023-07-15
C-0159,Retail-Plus,Mumbai,IN,2023-02-09
C-0160,Retail-Plus,Chennai,IN,2024-05-07
C-0161,Retail-Plus,Mumbai,IN,2024-10-18
C-0162,Retail-Plus,Pune,IN,2025-07-26
C-0163,Retail-Plus,Hyderabad,IN,2023-10-20
C-0164,Retail-Plus,Pune,IN,2024-02-05
C-0165,Retail-Plus,Bengaluru,IN,2023-07-14
C-0166,Retail-Plus,Mumbai,IN,2024-04-02
C-0167,Retail-Plus,Chennai,IN,2025-05-21
C-0168,Retail-Plus,Hyderabad,IN,2025-06-19
C-0169,Retail-Plus,Mumbai,IN,2024-05-11
C-0170,Retail-Plus,Delhi,IN,2024-11-13
C-0171,Retail-Plus,Hyderabad,IN,2023-08-24
C-0172,Retail-Plus,Hyderabad,IN,2024-04-20
C-0173,Retail-Plus,Chennai,IN,2024-07-21
C-0174,Retail-Plus,Mumbai,IN,2023-09-01
C-0175,Retail-Plus,Delhi,IN,2025-10-23
C-0176,Retail-Plus,Bengaluru,IN,2023-05-16
C-0177,Retail-Plus,Hyderabad,IN,2024-04-04
C-0178,Retail-Plus,Delhi,IN,2023-05-20
C-0179,Retail-Plus,Mumbai,IN,2023-07-12
C-0180,Retail-Plus,Hyderabad,IN,2023-05-08
C-0181,Retail-Plus,Delhi,IN,2023-03-16
C-0182,Retail-Plus,Pune,IN,2023-09-11
C-0183,Retail-Plus,Delhi,IN,2024-12-05
C-0184,Retail-Plus,Pune,IN,2025-08-21
C-0185,Retail-Plus,Hyderabad,IN,2023-04-14
C-0186,Retail-Plus,Pune,IN,2023-03-14
C-0187,Retail-Plus,Mumbai,IN,2025-06-06
C-0188,Retail-Plus,Hyderabad,IN,2024-05-16
C-0189,Retail-Plus,Chennai,IN,2025-05-10
C-0190,Retail-Plus,Mumbai,IN,2025-07-12
C-0191,Retail-Plus,Pune,IN,2024-03-02
C-0192,Retail-Plus,Chennai,IN,2025-10-19
C-0193,Retail-Plus,Bengaluru,IN,2024-09-17
C-0194,Retail-Plus,Hyderabad,IN,2024-10-04
C-0195,Retail-Plus,Chennai,IN,2023-03-07
C-0196,Retail-Plus,Chennai,IN,2025-07-25
C-0197,Retail-Plus,Chennai,IN,2025-11-05
C-0198,Retail-Plus,Mumbai,IN,2024-09-27
C-0199,Retail-Plus,Mumbai,IN,2024-10-28
C-0200,Retail-Plus,Mumbai,IN,2024-04-17
C-0201,Retail-Plus,Delhi,IN,2025-06-01
C-0202,Retail-Plus,Bengaluru,IN,2024-09-24
C-0203,Retail-Plus,Bengaluru,IN,2025-09-13
C-0204,Retail-Plus,Mumbai,IN,2024-03-15
C-0205,Retail-Plus,Chennai,IN,2025-04-01
C-0206,Retail-Plus,Mumbai,IN,2023-11-24
C-0207,Retail-Plus,Delhi,IN,2023-12-04
C-0208,Retail-Plus,Chennai,IN,2023-02-17
C-0209,Retail-Plus,Mumbai,IN,2025-04-02
C-0210,Retail-Plus,Delhi,IN,2023-12-25
C-0211,Retail-Plus,Chennai,IN,2024-07-18
C-0212,Retail-Plus,Hyderabad,IN,2024-09-23
C-0213,Retail-Plus,Bengaluru,IN,2024-05-03
C-0214,Retail-Plus,Hyderabad,IN,2025-11-04
C-0215,Retail-Plus,Bengaluru,IN,2025-04-04
C-0216,Retail-Plus,Bengaluru,IN,2025-05-14
C-0217,Retail-Plus,Pune,IN,2024-08-17
C-0218,Retail-Plus,Hyderabad,IN,2024-02-16
C-0219,Retail-Plus,Pune,IN,2023-02-03
C-0220,Retail-Plus,Delhi,IN,2024-10-13
C-0221,Retail-Plus,Bengaluru,IN,2023-07-28
C-0222,Retail-Plus,Mumbai,IN,2025-07-04
C-0223,Retail-Plus,Delhi,IN,2025-12-27
C-0224,Retail-Plus,Bengaluru,IN,2024-02-01
C-0225,Retail-Plus,Mumbai,IN,2024-11-24
C-0226,Retail-Plus,Pune,IN,2024-08-18
C-0227,Retail-Plus,Mumbai,IN,2024-04-16
C-0228,Retail-Plus,Bengaluru,IN,2023-07-20
C-0229,Retail-Plus,Hyderabad,IN,2023-09-15
C-0230,Retail-Plus,Mumbai,IN,2025-07-18
C-0231,Retail-Plus,Mumbai,IN,2024-11-08
C-0232,Retail-Plus,Pune,IN,2025-01-27
C-0233,Retail-Plus,Mumbai,IN,2024-06-04
C-0234,Retail-Plus,Mumbai,IN,2025-08-06
C-0235,Retail-Plus,Hyderabad,IN,2024-10-18
C-0236,Retail-Plus,Chennai,IN,2024-04-24
C-0237,Retail-Plus,Chennai,IN,2023-12-24
C-0238,Retail-Plus,Pune,IN,2024-12-06
C-0239,Retail-Plus,Hyderabad,IN,2023-02-26
C-0240,Retail-Plus,Pune,IN,2025-09-10
C-0241,Retail-Plus,Delhi,IN,2025-09-09
C-0242,Retail-Plus,Pune,IN,2023-01-22
C-0243,Retail-Plus,Chennai,IN,2024-02-23
C-0244,Retail-Plus,Pune,IN,2025-12-16
C-0245,Retail-Plus,Delhi,IN,2023-07-21
C-0246,Retail-Plus,Pune,IN,2023-10-08
C-0247,Retail-Plus,Pune,IN,2025-10-24
C-0248,Retail-Plus,Bengaluru,IN,2023-04-09
C-0249,Retail-Plus,Chennai,IN,2024-04-12
C-0250,Retail-Plus,Bengaluru,IN,2023-03-21
C-0251,Retail-Plus,Mumbai,IN,2024-07-04
C-0252,Retail-Plus,Delhi,IN,2023-02-15
C-0253,Retail-Plus,Mumbai,IN,2024-11-03
C-0254,Retail-Plus,Chennai,IN,2023-07-24
C-0255,Retail-Plus,Chennai,IN,2023-05-06
C-0256,Retail-Plus,Delhi,IN,2024-05-20
C-0257,Retail-Plus,Delhi,IN,2025-09-27
C-0258,Retail-Plus,Delhi,IN,2025-08-25
C-0259,Retail-Plus,Bengaluru,IN,2025-07-08
C-0260,Retail-Plus,Hyderabad,IN,2025-04-07
C-0261,Retail-Plus,Delhi,IN,2023-01-04
C-0262,Retail-Plus,Pune,IN,2025-12-08
C-0263,Retail-Plus,Bengaluru,IN,2025-02-09
C-0264,Retail-Plus,Pune,IN,2023-04-13
C-0265,Retail-Plus,Pune,IN,2023-12-07
C-0266,Retail-Plus,Mumbai,IN,2024-12-11
C-0267,Retail-Plus,Pune,IN,2024-10-19
C-0268,Retail-Plus,Chennai,IN,2024-04-05
C-0269,Retail-Plus,Bengaluru,IN,2024-08-04
C-0270,Retail-Plus,Chennai,IN,2023-02-12
C-0271,Business,Pune,IN,2025-03-25
C-0272,Business,Chennai,IN,2023-07-05
C-0273,Business,Delhi,IN,2025-12-01
C-0274,Business,Delhi,IN,2024-05-16
C-0275,Business,Chennai,IN,2024-09-11
C-0276,Business,Chennai,IN,2023-11-23
C-0277,Business,Mumbai,IN,2025-10-16
C-0278,Business,Hyderabad,IN,2025-05-11
C-0279,Business,Bengaluru,IN,2024-12-23
C-0280,Business,Pune,IN,2023-01-02
C-0281,Business,Pune,IN,2023-10-20
C-0282,Business,Bengaluru,IN,2025-10-17
C-0283,Business,Delhi,IN,2023-02-07
C-0284,Business,Hyderabad,IN,2023-12-16
C-0285,Business,Bengaluru,IN,2023-09-07
C-0286,Business,Delhi,IN,2023-06-24
C-0287,Business,Bengaluru,IN,2025-10-04
C-0288,Business,Chennai,IN,2024-06-27
C-0289,Business,Chennai,IN,2024-01-09
C-0290,Business,Pune,IN,2024-10-20
C-0291,Business,Hyderabad,IN,2023-04-16
C-0292,Business,Bengaluru,IN,2023-06-26
C-0293,Business,Pune,IN,2023-01-08
C-0294,Business,Hyderabad,IN,2024-03-03
C-0295,Business,Delhi,IN,2024-02-25
C-0296,Business,Delhi,IN,2023-03-16
C-0297,Business,Pune,IN,2023-03-21
C-0298,Business,Bengaluru,IN,2025-08-14
C-0299,Business,Chennai,IN,2023-01-03
C-0300,Business,Bengaluru,IN,2025-01-07
C-0301,Business,Bengaluru,IN,2025-03-16
C-0302,Business,Mumbai,IN,2025-02-20
C-0303,Business,Hyderabad,IN,2023-01-11
C-0304,Business,Hyderabad,IN,2024-06-25
C-0305,Business,Hyderabad,IN,2023-10-21
C-0306,Business,Mumbai,IN,2025-11-15
C-0307,Business,Hyderabad,IN,2024-04-23
C-0308,Business,Hyderabad,IN,2024-09-26
C-0309,Business,Bengaluru,IN,2023-04-26
C-0310,Business,Mumbai,IN,2024-10-05
C-0311,Student,Chennai,IN,2025-09-11
C-0312,Student,Chennai,IN,2025-01-21
C-0313,Student,Delhi,IN,2023-11-01
C-0314,Student,Chennai,IN,2025-01-12
C-0315,Student,Chennai,IN,2023-06-23
C-0316,Student,Bengaluru,IN,2025-03-10
C-0317,Student,Pune,IN,2025-03-07
C-0318,Student,Delhi,IN,2025-08-07
C-0319,Student,Mumbai,IN,2024-06-10
C-0320,Student,Bengaluru,IN,2024-02-15
C-0321,Student,Hyderabad,IN,2023-10-23
C-0322,Student,Hyderabad,IN,2024-07-23
C-0323,Student,Chennai,IN,2024-01-19
C-0324,Student,Pune,IN,2023-08-03
C-0325,Student,Pune,IN,2024-11-06
C-0326,Student,Mumbai,IN,2024-10-12
C-0327,Student,Pune,IN,2023-09-26
C-0328,Student,Hyderabad,IN,2023-04-26
C-0329,Student,Bengaluru,IN,2025-10-09
C-0330,Student,Delhi,IN,2024-06-21
C-0331,Student,Mumbai,IN,2025-07-20
C-0332,Student,Chennai,IN,2024-05-05
C-0333,Student,Mumbai,IN,2025-12-27
C-0334,Student,Delhi,IN,2023-02-09
C-0335,Student,Pune,IN,2025-08-05
C-0336,Student,Chennai,IN,2023-10-23
C-0337,Student,Pune,IN,2024-04-18
C-0338,Student,Bengaluru,IN,2025-11-17
C-0339,Student,Bengaluru,IN,2023-10-11
C-0340,Student,Hyderabad,IN,2024-10-10
